mode,band_low,band_high,n_uncertain,thr_policy,threshold,precision,recall,tp,fp,fn,tn,fnr,fpr,fdr
hog_only,1.0,1.0,0,auto95,0.15,0.13524317121918722,0.9806763285024155,406.0,2596.0,8.0,300.0,0.01932367149758454,0.8964088397790055,0.8647568287808127
hog_only,1.0,1.0,0,auto90,0.2,0.14834742505764797,0.9323671497584541,386.0,2216.0,28.0,680.0,0.06763285024154589,0.7651933701657458,0.851652574942352
hog_only,1.0,1.0,0,fixed,0.05,0.1259507149376331,1.0,414.0,2873.0,0.0,23.0,0.0,0.9920580110497238,0.8740492850623669
hog_only,1.0,1.0,0,fixed,0.08,0.1271551724137931,0.9975845410628019,413.0,2835.0,1.0,61.0,0.0024154589371980675,0.9789364640883977,0.8728448275862069
hog_only,1.0,1.0,0,fixed,0.1,0.12802983219390926,0.9951690821256038,412.0,2806.0,2.0,90.0,0.004830917874396135,0.9689226519337016,0.8719701678060907
hog_only,1.0,1.0,0,fixed,0.12,0.12988250238170848,0.9879227053140096,409.0,2740.0,5.0,156.0,0.012077294685990338,0.9461325966850829,0.8701174976182915
hog_only,1.0,1.0,0,fixed,0.15,0.13524317121918722,0.9806763285024155,406.0,2596.0,8.0,300.0,0.01932367149758454,0.8964088397790055,0.8647568287808127
hog_only,1.0,1.0,0,fixed,0.18,0.14234363767074049,0.9565217391304348,396.0,2385.9999999999995,18.0,510.00000000000045,0.043478260869565216,0.8238950276243092,0.8576563623292595
hog_only,1.0,1.0,0,fixed,0.2,0.14834742505764797,0.9323671497584541,386.0,2216.0,28.0,680.0,0.06763285024154589,0.7651933701657458,0.851652574942352
hog_only,1.0,1.0,0,fixed,0.23,0.15998311523849726,0.9154589371980676,379.0,1989.9999999999998,35.0,906.0000000000002,0.08454106280193237,0.6871546961325966,0.8400168847615027
hog_only,1.0,1.0,0,fixed,0.25,0.16651705565529623,0.8961352657004831,371.0,1857.0,43.0,1039.0,0.10386473429951691,0.6412292817679558,0.8334829443447038
hog_only,1.0,1.0,0,fixed,0.28,0.17317073170731706,0.857487922705314,355.0,1695.0000000000002,59.0,1200.9999999999998,0.14251207729468598,0.5852900552486189,0.826829268292683
hog_only,1.0,1.0,0,fixed,0.3,0.17725409836065573,0.8357487922705314,346.0,1606.0,68.0,1290.0,0.1642512077294686,0.5545580110497238,0.8227459016393442
hog_only,1.0,1.0,0,fixed,0.32,0.17882225823878983,0.7995169082125604,331.0,1520.0,83.0,1376.0,0.20048309178743962,0.5248618784530387,0.8211777417612102
hog_only,1.0,1.0,0,fixed,0.35,0.18171228887594643,0.7536231884057971,312.0,1405.0,102.0,1491.0,0.2463768115942029,0.48515193370165743,0.8182877111240536
hog_only,1.0,1.0,0,fixed,0.38,0.18356867779204109,0.6908212560386473,286.0,1271.9999999999998,128.0,1624.0000000000002,0.30917874396135264,0.4392265193370165,0.8164313222079589
hog_only,1.0,1.0,0,fixed,0.4,0.18360433604336043,0.6545893719806763,271.0,1205.0,143.0,1691.0,0.34541062801932365,0.41609116022099446,0.8163956639566395
hog_only,1.0,1.0,0,fixed,0.42,0.1837916063675832,0.6135265700483091,253.99999999999997,1128.0,160.00000000000003,1768.0,0.38647342995169087,0.38950276243093923,0.8162083936324168
hog_only,1.0,1.0,0,fixed,0.45,0.19273034657650043,0.5507246376811594,228.0,955.0,186.0,1941.0,0.4492753623188406,0.32976519337016574,0.8072696534234995
hog_only,1.0,1.0,0,fixed,0.48,0.204,0.4927536231884058,204.0,796.0000000000001,210.0,2100.0,0.5072463768115942,0.2748618784530387,0.796
hog_only,1.0,1.0,0,fixed,0.5,0.21149425287356322,0.4444444444444444,184.0,685.9999999999999,230.0,2210.0,0.5555555555555556,0.236878453038674,0.7885057471264367
band_0.05_0.35,0.05,0.35,1570,auto95,0.15,0.1643835616438356,0.9565217391304348,396.0,2013.0000000000002,18.0,882.9999999999998,0.043478260869565216,0.695096685082873,0.8356164383561644
band_0.05_0.35,0.05,0.35,1570,auto90,0.3,0.17435897435897435,0.9033816425120773,374.0,1771.0,40.0,1125.0,0.0966183574879227,0.6115331491712708,0.8256410256410256
band_0.05_0.35,0.05,0.35,1570,fixed,0.05,0.14778856526429343,0.9927536231884058,411.0,2369.9999999999995,3.0,526.0000000000005,0.007246376811594203,0.8183701657458562,0.8522114347357066
band_0.05_0.35,0.05,0.35,1570,fixed,0.08,0.15402124430955993,0.9806763285024155,406.0,2230.0,8.0,666.0,0.01932367149758454,0.7700276243093923,0.8459787556904401
band_0.05_0.35,0.05,0.35,1570,fixed,0.1,0.15754495699765442,0.9734299516908212,403.0,2155.0000000000005,11.0,740.9999999999995,0.026570048309178744,0.7441298342541438,0.8424550430023456
band_0.05_0.35,0.05,0.35,1570,fixed,0.12,0.16091492776886035,0.9685990338164251,401.0,2091.0,13.0,805.0,0.03140096618357488,0.7220303867403315,0.8390850722311396
band_0.05_0.35,0.05,0.35,1570,fixed,0.15,0.1643835616438356,0.9565217391304348,396.0,2013.0000000000002,18.0,882.9999999999998,0.043478260869565216,0.695096685082873,0.8356164383561644
band_0.05_0.35,0.05,0.35,1570,fixed,0.18,0.167876975651431,0.9492753623188406,393.0,1948.0,21.0,948.0,0.050724637681159424,0.6726519337016574,0.832123024348569
band_0.05_0.35,0.05,0.35,1570,fixed,0.2,0.1700650759219089,0.9468599033816425,392.0,1913.0,22.0,983.0,0.05314009661835749,0.6605662983425414,0.8299349240780911
band_0.05_0.35,0.05,0.35,1570,fixed,0.23,0.17221482467820684,0.9371980676328503,388.0,1865.0,26.0,1031.0,0.06280193236714976,0.6439917127071824,0.8277851753217932
band_0.05_0.35,0.05,0.35,1570,fixed,0.25,0.1731893837156995,0.9299516908212561,385.0,1838.0000000000002,29.0,1057.9999999999998,0.07004830917874397,0.6346685082872929,0.8268106162843005
band_0.05_0.35,0.05,0.35,1570,fixed,0.28,0.1740927882406982,0.9154589371980676,379.0,1798.0,35.0,1098.0,0.08454106280193237,0.6208563535911602,0.8259072117593018
band_0.05_0.35,0.05,0.35,1570,fixed,0.3,0.17435897435897435,0.9033816425120773,374.0,1771.0,40.0,1125.0,0.0966183574879227,0.6115331491712708,0.8256410256410256
band_0.05_0.35,0.05,0.35,1570,fixed,0.32,0.17452830188679244,0.893719806763285,370.0,1750.0,44.0,1146.0,0.10628019323671498,0.6042817679558011,0.8254716981132075
band_0.05_0.35,0.05,0.35,1570,fixed,0.35,0.1774580335731415,0.893719806763285,370.0,1714.9999999999998,44.0,1181.0000000000002,0.10628019323671498,0.592196132596685,0.8225419664268585
band_0.05_0.35,0.05,0.35,1570,fixed,0.38,0.1792152704135737,0.8164251207729468,338.0,1547.9999999999998,76.0,1348.0000000000002,0.18357487922705315,0.5345303867403314,0.8207847295864263
band_0.05_0.35,0.05,0.35,1570,fixed,0.4,0.18008948545861297,0.7777777777777778,322.0,1465.9999999999998,92.0,1430.0000000000002,0.2222222222222222,0.5062154696132596,0.819910514541387
band_0.05_0.35,0.05,0.35,1570,fixed,0.42,0.18083832335329342,0.7294685990338164,302.0,1368.0,112.0,1528.0,0.27053140096618356,0.4723756906077348,0.8191616766467066
band_0.05_0.35,0.05,0.35,1570,fixed,0.45,0.18871866295264625,0.6545893719806763,271.0,1164.9999999999998,143.0,1731.0000000000002,0.34541062801932365,0.4022790055248618,0.8112813370473537
band_0.05_0.35,0.05,0.35,1570,fixed,0.48,0.19572368421052633,0.5748792270531401,238.0,978.0,176.0,1918.0,0.4251207729468599,0.337707182320442,0.8042763157894737
band_0.05_0.35,0.05,0.35,1570,fixed,0.5,0.20075400565504242,0.5144927536231884,212.99999999999997,847.9999999999999,201.00000000000003,2048.0,0.48550724637681164,0.292817679558011,0.7992459943449576
band_0.05_0.40,0.05,0.4,1811,auto95,0.15,0.16617708770457407,0.9565217391304348,396.0,1987.0,18.0,909.0,0.043478260869565216,0.6861187845303868,0.8338229122954259
band_0.05_0.40,0.05,0.4,1811,auto90,0.25,0.17463235294117646,0.9178743961352657,380.0,1796.0000000000005,34.0,1099.9999999999995,0.0821256038647343,0.6201657458563538,0.8253676470588236
band_0.05_0.40,0.05,0.4,1811,fixed,0.05,0.14821492967904795,0.9927536231884058,411.0,2362.0,3.0,534.0,0.007246376811594203,0.8156077348066298,0.8517850703209521
band_0.05_0.40,0.05,0.4,1811,fixed,0.08,0.15484363081617086,0.9806763285024155,406.0,2215.9999999999995,8.0,680.0000000000005,0.01932367149758454,0.7651933701657457,0.8451563691838291
band_0.05_0.40,0.05,0.4,1811,fixed,0.1,0.1584119496855346,0.9734299516908212,403.0,2141.0,11.0,755.0,0.026570048309178744,0.7392955801104972,0.8415880503144654
band_0.05_0.40,0.05,0.4,1811,fixed,0.12,0.162020202020202,0.9685990338164251,401.0,2074.0000000000005,13.0,821.9999999999995,0.03140096618357488,0.7161602209944753,0.837979797979798
band_0.05_0.40,0.05,0.4,1811,fixed,0.15,0.16617708770457407,0.9565217391304348,396.0,1987.0,18.0,909.0,0.043478260869565216,0.6861187845303868,0.8338229122954259
band_0.05_0.40,0.05,0.4,1811,fixed,0.18,0.1695501730103806,0.9468599033816425,392.0,1920.0000000000002,22.0,975.9999999999998,0.05314009661835749,0.6629834254143647,0.8304498269896194
band_0.05_0.40,0.05,0.4,1811,fixed,0.2,0.1715167548500882,0.9396135265700483,389.0,1879.0,25.0,1017.0,0.06038647342995169,0.6488259668508287,0.8284832451499118
band_0.05_0.40,0.05,0.4,1811,fixed,0.23,0.1733816206428248,0.9251207729468599,383.0,1826.0,31.0,1070.0,0.0748792270531401,0.630524861878453,0.8266183793571752
band_0.05_0.40,0.05,0.4,1811,fixed,0.25,0.17463235294117646,0.9178743961352657,380.0,1796.0000000000005,34.0,1099.9999999999995,0.0821256038647343,0.6201657458563538,0.8253676470588236
band_0.05_0.40,0.05,0.4,1811,fixed,0.28,0.17552941176470588,0.9009661835748792,373.0,1752.0,41.0,1144.0,0.09903381642512077,0.6049723756906077,0.8244705882352941
band_0.05_0.40,0.05,0.4,1811,fixed,0.3,0.17568214456677836,0.8864734299516909,367.0,1722.0,47.0,1174.0,0.11352657004830918,0.5946132596685083,0.8243178554332217
band_0.05_0.40,0.05,0.4,1811,fixed,0.32,0.1749271137026239,0.8695652173913043,360.0,1698.0,54.0,1198.0,0.13043478260869565,0.5863259668508287,0.8250728862973761
band_0.05_0.40,0.05,0.4,1811,fixed,0.35,0.17807539682539683,0.8671497584541062,359.0,1657.0,55.0,1239.0,0.13285024154589373,0.5721685082872928,0.8219246031746031
band_0.05_0.40,0.05,0.4,1811,fixed,0.38,0.17820773930753564,0.8454106280193237,350.0,1614.0,64.0,1282.0,0.15458937198067632,0.5573204419889503,0.8217922606924644
band_0.05_0.40,0.05,0.4,1811,fixed,0.4,0.17901234567901234,0.8405797101449275,348.0,1596.0,66.0,1300.0,0.15942028985507245,0.5511049723756906,0.8209876543209876
band_0.05_0.40,0.05,0.4,1811,fixed,0.42,0.17986798679867988,0.7898550724637681,327.0,1490.9999999999998,87.0,1405.0000000000002,0.21014492753623187,0.5148480662983425,0.8201320132013201
band_0.05_0.40,0.05,0.4,1811,fixed,0.45,0.18746041798606713,0.714975845410628,296.0,1283.0,118.0,1613.0,0.28502415458937197,0.443024861878453,0.8125395820139328
band_0.05_0.40,0.05,0.4,1811,fixed,0.48,0.19362017804154302,0.6304347826086957,261.0,1087.0,153.0,1809.0,0.3695652173913043,0.37534530386740333,0.806379821958457
band_0.05_0.40,0.05,0.4,1811,fixed,0.5,0.19831223628691982,0.5676328502415459,235.0,950.0000000000001,179.0,1946.0,0.4323671497584541,0.32803867403314924,0.8016877637130801
band_0.05_0.45,0.05,0.45,2104,auto95,0.15,0.16638513513513514,0.9516908212560387,394.0,1974.0,20.0,922.0,0.04830917874396135,0.6816298342541437,0.8336148648648649
band_0.05_0.45,0.05,0.45,2104,auto90,0.25,0.17608594114899578,0.9106280193236715,377.0,1764.0000000000002,37.0,1131.9999999999998,0.0893719806763285,0.6091160220994476,0.8239140588510042
band_0.05_0.45,0.05,0.45,2104,fixed,0.05,0.14832190544929627,0.9927536231884058,411.0,2360.0000000000005,3.0,535.9999999999995,0.007246376811594203,0.8149171270718234,0.8516780945507038
band_0.05_0.45,0.05,0.45,2104,fixed,0.08,0.1549942594718714,0.9782608695652174,405.0,2208.0,9.0,688.0,0.021739130434782608,0.7624309392265194,0.8450057405281286
band_0.05_0.45,0.05,0.45,2104,fixed,0.1,0.15831030398736676,0.9685990338164251,401.0,2132.0,13.0,764.0,0.03140096618357488,0.7361878453038674,0.8416896960126332
band_0.05_0.45,0.05,0.45,2104,fixed,0.12,0.1621292157659488,0.9637681159420289,399.0,2061.9999999999995,15.0,834.0000000000005,0.036231884057971016,0.7120165745856352,0.8378707842340511
band_0.05_0.45,0.05,0.45,2104,fixed,0.15,0.16638513513513514,0.9516908212560387,394.0,1974.0,20.0,922.0,0.04830917874396135,0.6816298342541437,0.8336148648648649
band_0.05_0.45,0.05,0.45,2104,fixed,0.18,0.17060367454068243,0.9420289855072463,390.0,1895.9999999999995,24.0,1000.0000000000005,0.057971014492753624,0.6546961325966849,0.8293963254593175
band_0.05_0.45,0.05,0.45,2104,fixed,0.2,0.17224453369031684,0.9323671497584541,386.0,1854.9999999999998,28.0,1041.0000000000002,0.06763285024154589,0.6405386740331491,0.8277554663096831
band_0.05_0.45,0.05,0.45,2104,fixed,0.23,0.17455213596692695,0.9178743961352657,380.0,1797.0000000000002,34.0,1098.9999999999998,0.0821256038647343,0.620511049723757,0.825447864033073
band_0.05_0.45,0.05,0.45,2104,fixed,0.25,0.17608594114899578,0.9106280193236715,377.0,1764.0000000000002,37.0,1131.9999999999998,0.0893719806763285,0.6091160220994476,0.8239140588510042
band_0.05_0.45,0.05,0.45,2104,fixed,0.28,0.1777137367915466,0.893719806763285,370.0,1712.0,44.0,1184.0,0.10628019323671498,0.5911602209944752,0.8222862632084534
band_0.05_0.45,0.05,0.45,2104,fixed,0.3,0.1780821917808219,0.8792270531400966,364.0,1680.0,50.0,1216.0,0.12077294685990338,0.580110497237569,0.821917808219178
band_0.05_0.45,0.05,0.45,2104,fixed,0.32,0.17761194029850746,0.8623188405797102,357.0,1653.0,57.0,1243.0,0.13768115942028986,0.5707872928176796,0.8223880597014925
band_0.05_0.45,0.05,0.45,2104,fixed,0.35,0.18019397651863195,0.8526570048309179,353.0,1605.9999999999998,61.0,1290.0000000000002,0.1473429951690821,0.5545580110497237,0.819806023481368
band_0.05_0.45,0.05,0.45,2104,fixed,0.38,0.18105263157894738,0.8309178743961353,344.0,1555.9999999999998,70.0,1340.0000000000002,0.16908212560386474,0.5372928176795579,0.8189473684210526
band_0.05_0.45,0.05,0.45,2104,fixed,0.4,0.1822056473095365,0.8260869565217391,342.0,1535.0,72.0,1361.0,0.17391304347826086,0.5300414364640884,0.8177943526904635
band_0.05_0.45,0.05,0.45,2104,fixed,0.42,0.18241042345276873,0.8115942028985508,336.0,1506.0000000000002,78.0,1389.9999999999998,0.18840579710144928,0.5200276243093923,0.8175895765472313
band_0.05_0.45,0.05,0.45,2104,fixed,0.45,0.18374164810690424,0.7971014492753623,330.0,1465.9999999999995,84.0,1430.0000000000005,0.2028985507246377,0.5062154696132595,0.8162583518930957
band_0.05_0.45,0.05,0.45,2104,fixed,0.48,0.18758085381630013,0.7004830917874396,290.0,1256.0,124.0,1640.0,0.2995169082125604,0.43370165745856354,0.8124191461836998
band_0.05_0.45,0.05,0.45,2104,fixed,0.5,0.19113372093023256,0.6352657004830918,263.0,1112.9999999999998,151.0,1783.0000000000002,0.3647342995169082,0.38432320441988943,0.8088662790697674
band_0.05_0.50,0.05,0.5,2417,auto95,0.15,0.1668077900084674,0.9516908212560387,394.0,1968.0,20.0,928.0,0.04830917874396135,0.6795580110497238,0.8331922099915325
band_0.05_0.50,0.05,0.5,2417,auto90,0.25,0.1765536723163842,0.9057971014492754,375.0,1748.9999999999998,39.0,1147.0000000000002,0.09420289855072464,0.6039364640883977,0.8234463276836158
band_0.05_0.50,0.05,0.5,2417,fixed,0.05,0.14842903575297942,0.9927536231884058,411.0,2358.0,3.0,538.0,0.007246376811594203,0.8142265193370166,0.8515709642470206
band_0.05_0.50,0.05,0.5,2417,fixed,0.08,0.15517241379310345,0.9782608695652174,405.0,2205.0,9.0,691.0,0.021739130434782608,0.7613950276243094,0.8448275862068966
band_0.05_0.50,0.05,0.5,2417,fixed,0.1,0.15856069592724398,0.9685990338164251,401.0,2128.0,13.0,768.0,0.03140096618357488,0.7348066298342542,0.841439304072756
band_0.05_0.50,0.05,0.5,2417,fixed,0.12,0.1623931623931624,0.9637681159420289,399.0,2058.0,15.0,838.0,0.036231884057971016,0.710635359116022,0.8376068376068376
band_0.05_0.50,0.05,0.5,2417,fixed,0.15,0.1668077900084674,0.9516908212560387,394.0,1968.0,20.0,928.0,0.04830917874396135,0.6795580110497238,0.8331922099915325
band_0.05_0.50,0.05,0.5,2417,fixed,0.18,0.1706244503078276,0.9371980676328503,388.0,1886.0000000000002,26.0,1009.9999999999998,0.06280193236714976,0.651243093922652,0.8293755496921724
band_0.05_0.50,0.05,0.5,2417,fixed,0.2,0.17227456258411844,0.927536231884058,384.0,1845.0000000000002,30.0,1050.9999999999998,0.07246376811594203,0.6370856353591161,0.8277254374158816
band_0.05_0.50,0.05,0.5,2417,fixed,0.23,0.17483811285846437,0.9130434782608695,378.0,1784.0000000000002,36.0,1111.9999999999998,0.08695652173913043,0.6160220994475138,0.8251618871415356
band_0.05_0.50,0.05,0.5,2417,fixed,0.25,0.1765536723163842,0.9057971014492754,375.0,1748.9999999999998,39.0,1147.0000000000002,0.09420289855072464,0.6039364640883977,0.8234463276836158
band_0.05_0.50,0.05,0.5,2417,fixed,0.28,0.17829457364341086,0.8888888888888888,368.0,1696.0,46.0,1200.0,0.1111111111111111,0.585635359116022,0.8217054263565892
band_0.05_0.50,0.05,0.5,2417,fixed,0.3,0.17786561264822134,0.8695652173913043,360.0,1664.0,54.0,1232.0,0.13043478260869565,0.574585635359116,0.8221343873517787
band_0.05_0.50,0.05,0.5,2417,fixed,0.32,0.17774420946626385,0.8526570048309179,353.0,1633.0,61.0,1263.0,0.1473429951690821,0.5638812154696132,0.8222557905337362
band_0.05_0.50,0.05,0.5,2417,fixed,0.35,0.18012422360248448,0.8405797101449275,348.0,1584.0,66.0,1312.0,0.15942028985507245,0.5469613259668509,0.8198757763975155
band_0.05_0.50,0.05,0.5,2417,fixed,0.38,0.18147751605995718,0.8188405797101449,339.0,1528.9999999999998,75.0,1367.0000000000002,0.18115942028985507,0.5279696132596684,0.8185224839400428
band_0.05_0.50,0.05,0.5,2417,fixed,0.4,0.1828540423223006,0.8140096618357487,337.0,1505.9999999999998,77.0,1390.0000000000002,0.1859903381642512,0.5200276243093922,0.8171459576776994
band_0.05_0.50,0.05,0.5,2417,fixed,0.42,0.18272425249169436,0.7971014492753623,330.0,1476.0,84.0,1420.0,0.2028985507246377,0.5096685082872928,0.8172757475083057
band_0.05_0.50,0.05,0.5,2417,fixed,0.45,0.18482601254991443,0.782608695652174,324.0,1429.0,90.0,1467.0,0.21739130434782608,0.493439226519337,0.8151739874500856
band_0.05_0.50,0.05,0.5,2417,fixed,0.48,0.18214499700419412,0.7342995169082126,304.0,1365.0,110.0,1531.0,0.26570048309178745,0.4713397790055249,0.8178550029958058
band_0.05_0.50,0.05,0.5,2417,fixed,0.5,0.18350898946063235,0.714975845410628,296.0,1317.0,118.0,1579.0,0.28502415458937197,0.45476519337016574,0.8164910105393677
band_0.05_0.55,0.05,0.55,2849,auto95,0.15,0.1669491525423729,0.9516908212560387,394.0,1966.0,20.0,930.0,0.04830917874396135,0.6788674033149171,0.8330508474576271
band_0.05_0.55,0.05,0.55,2849,auto90,0.25,0.176109537299339,0.9009661835748792,373.0,1745.0,41.0,1151.0,0.09903381642512077,0.6025552486187845,0.823890462700661
band_0.05_0.55,0.05,0.55,2849,fixed,0.05,0.14842903575297942,0.9927536231884058,411.0,2358.0,3.0,538.0,0.007246376811594203,0.8142265193370166,0.8515709642470206
band_0.05_0.55,0.05,0.55,2849,fixed,0.08,0.15517241379310345,0.9782608695652174,405.0,2205.0,9.0,691.0,0.021739130434782608,0.7613950276243094,0.8448275862068966
band_0.05_0.55,0.05,0.55,2849,fixed,0.1,0.158623417721519,0.9685990338164251,401.0,2126.9999999999995,13.0,769.0000000000005,0.03140096618357488,0.7344613259668507,0.841376582278481
band_0.05_0.55,0.05,0.55,2849,fixed,0.12,0.16245928338762214,0.9637681159420289,399.0,2057.0,15.0,839.0,0.036231884057971016,0.7102900552486188,0.8375407166123778
band_0.05_0.55,0.05,0.55,2849,fixed,0.15,0.1669491525423729,0.9516908212560387,394.0,1966.0,20.0,930.0,0.04830917874396135,0.6788674033149171,0.8330508474576271
band_0.05_0.55,0.05,0.55,2849,fixed,0.18,0.17077464788732394,0.9371980676328503,388.0,1883.9999999999998,26.0,1012.0000000000002,0.06280193236714976,0.6505524861878452,0.829225352112676
band_0.05_0.55,0.05,0.55,2849,fixed,0.2,0.1725067385444744,0.927536231884058,384.0,1841.9999999999998,30.0,1054.0000000000002,0.07246376811594203,0.636049723756906,0.8274932614555256
band_0.05_0.55,0.05,0.55,2849,fixed,0.23,0.17439703153988867,0.9082125603864735,376.0,1780.0000000000002,38.0,1115.9999999999998,0.09178743961352658,0.6146408839779006,0.8256029684601114
band_0.05_0.55,0.05,0.55,2849,fixed,0.25,0.176109537299339,0.9009661835748792,373.0,1745.0,41.0,1151.0,0.09903381642512077,0.6025552486187845,0.823890462700661
band_0.05_0.55,0.05,0.55,2849,fixed,0.28,0.17784256559766765,0.8840579710144928,366.0,1691.9999999999998,48.0,1204.0000000000002,0.11594202898550725,0.5842541436464087,0.8221574344023324
band_0.05_0.55,0.05,0.55,2849,fixed,0.3,0.1775793650793651,0.8647342995169082,358.0,1657.9999999999998,56.0,1238.0000000000002,0.13526570048309178,0.5725138121546961,0.8224206349206349
band_0.05_0.55,0.05,0.55,2849,fixed,0.32,0.17745197168857432,0.8478260869565217,351.0,1627.0,63.0,1269.0,0.15217391304347827,0.5618093922651933,0.8225480283114257
band_0.05_0.55,0.05,0.55,2849,fixed,0.35,0.17950052029136315,0.8333333333333334,345.0,1577.0000000000005,69.0,1318.9999999999995,0.16666666666666666,0.5445441988950278,0.8204994797086369
band_0.05_0.55,0.05,0.55,2849,fixed,0.38,0.18122977346278318,0.8115942028985508,336.0,1517.9999999999998,78.0,1378.0000000000002,0.18840579710144928,0.524171270718232,0.8187702265372168
band_0.05_0.55,0.05,0.55,2849,fixed,0.4,0.18281335522714834,0.8067632850241546,334.0,1492.9999999999998,80.0,1403.0000000000002,0.1932367149758454,0.5155386740331491,0.8171866447728516
band_0.05_0.55,0.05,0.55,2849,fixed,0.42,0.18329596412556054,0.7898550724637681,327.0,1457.0,87.0,1439.0,0.21014492753623187,0.5031077348066298,0.8167040358744395
band_0.05_0.55,0.05,0.55,2849,fixed,0.45,0.1853997682502897,0.7729468599033816,320.0,1406.0,94.0,1490.0,0.22705314009661837,0.48549723756906077,0.8146002317497103
band_0.05_0.55,0.05,0.55,2849,fixed,0.48,0.18131530424093423,0.7125603864734299,295.0,1332.0,119.0,1564.0,0.28743961352657005,0.4599447513812155,0.8186846957590658
band_0.05_0.55,0.05,0.55,2849,fixed,0.5,0.18427835051546393,0.6908212560386473,286.0,1265.9999999999998,128.0,1630.0000000000002,0.30917874396135264,0.4371546961325966,0.8157216494845361
band_0.05_0.60,0.05,0.6,3148,auto95,0.15,0.16716164616037335,0.9516908212560387,394.0,1963.0000000000002,20.0,932.9999999999998,0.04830917874396135,0.6778314917127073,0.8328383538396267
band_0.05_0.60,0.05,0.6,3148,auto90,0.25,0.17644276253547778,0.9009661835748792,373.0,1740.9999999999998,41.0,1155.0000000000002,0.09903381642512077,0.6011740331491712,0.8235572374645223
band_0.05_0.60,0.05,0.6,3148,fixed,0.05,0.14842903575297942,0.9927536231884058,411.0,2358.0,3.0,538.0,0.007246376811594203,0.8142265193370166,0.8515709642470206
band_0.05_0.60,0.05,0.6,3148,fixed,0.08,0.15529141104294478,0.9782608695652174,405.0,2203.0000000000005,9.0,692.9999999999995,0.021739130434782608,0.7607044198895029,0.8447085889570553
band_0.05_0.60,0.05,0.6,3148,fixed,0.1,0.15881188118811881,0.9685990338164251,401.0,2123.9999999999995,13.0,772.0000000000005,0.03140096618357488,0.7334254143646407,0.8411881188118812
band_0.05_0.60,0.05,0.6,3148,fixed,0.12,0.1626579698328577,0.9637681159420289,399.0,2054.0,15.0,842.0,0.036231884057971016,0.7092541436464088,0.8373420301671423
band_0.05_0.60,0.05,0.6,3148,fixed,0.15,0.16716164616037335,0.9516908212560387,394.0,1963.0000000000002,20.0,932.9999999999998,0.04830917874396135,0.6778314917127073,0.8328383538396267
band_0.05_0.60,0.05,0.6,3148,fixed,0.18,0.17100044072278536,0.9371980676328503,388.0,1881.0,26.0,1015.0,0.06280193236714976,0.6495165745856354,0.8289995592772146
band_0.05_0.60,0.05,0.6,3148,fixed,0.2,0.17281728172817282,0.927536231884058,384.0,1838.0,30.0,1058.0,0.07246376811594203,0.6346685082872928,0.8271827182718272
band_0.05_0.60,0.05,0.6,3148,fixed,0.23,0.17472118959107807,0.9082125603864735,376.0,1776.0,38.0,1120.0,0.09178743961352658,0.6132596685082873,0.8252788104089219
band_0.05_0.60,0.05,0.6,3148,fixed,0.25,0.17644276253547778,0.9009661835748792,373.0,1740.9999999999998,41.0,1155.0000000000002,0.09903381642512077,0.6011740331491712,0.8235572374645223
band_0.05_0.60,0.05,0.6,3148,fixed,0.28,0.17818889970788704,0.8840579710144928,366.0,1688.0,48.0,1208.0,0.11594202898550725,0.5828729281767956,0.8218111002921129
band_0.05_0.60,0.05,0.6,3148,fixed,0.3,0.17802088513177525,0.8647342995169082,358.0,1652.9999999999998,56.0,1243.0000000000002,0.13526570048309178,0.5707872928176795,0.8219791148682247
band_0.05_0.60,0.05,0.6,3148,fixed,0.32,0.17790167257982767,0.8478260869565217,351.0,1622.0000000000002,63.0,1273.9999999999998,0.15217391304347827,0.5600828729281768,0.8220983274201723
band_0.05_0.60,0.05,0.6,3148,fixed,0.35,0.18006263048016702,0.8333333333333334,345.0,1571.0,69.0,1325.0,0.16666666666666666,0.5424723756906077,0.819937369519833
band_0.05_0.60,0.05,0.6,3148,fixed,0.38,0.1820151679306609,0.8115942028985508,336.0,1510.0,78.0,1386.0,0.18840579710144928,0.5214088397790055,0.8179848320693391
band_0.05_0.60,0.05,0.6,3148,fixed,0.4,0.18361737218251786,0.8067632850241546,334.0,1485.0,80.0,1411.0,0.1932367149758454,0.5127762430939227,0.8163826278174822
band_0.05_0.60,0.05,0.6,3148,fixed,0.42,0.18412162162162163,0.7898550724637681,327.0,1449.0,87.0,1447.0,0.21014492753623187,0.5003453038674033,0.8158783783783784
band_0.05_0.60,0.05,0.6,3148,fixed,0.45,0.18658892128279883,0.7729468599033816,320.0,1395.0000000000002,94.0,1500.9999999999998,0.22705314009661837,0.48169889502762436,0.8134110787172012
band_0.05_0.60,0.05,0.6,3148,fixed,0.48,0.18226906385616862,0.7101449275362319,294.0,1319.0,120.0,1577.0,0.2898550724637681,0.45545580110497236,0.8177309361438314
band_0.05_0.60,0.05,0.6,3148,fixed,0.5,0.18647406434668418,0.6859903381642513,284.0,1239.0,130.0,1657.0,0.3140096618357488,0.4278314917127072,0.8135259356533158
band_0.05_0.70,0.05,0.7,3271,auto95,0.15,0.16716164616037335,0.9516908212560387,394.0,1963.0000000000002,20.0,932.9999999999998,0.04830917874396135,0.6778314917127073,0.8328383538396267
band_0.05_0.70,0.05,0.7,3271,auto90,0.25,0.17644276253547778,0.9009661835748792,373.0,1740.9999999999998,41.0,1155.0000000000002,0.09903381642512077,0.6011740331491712,0.8235572374645223
band_0.05_0.70,0.05,0.7,3271,fixed,0.05,0.14842903575297942,0.9927536231884058,411.0,2358.0,3.0,538.0,0.007246376811594203,0.8142265193370166,0.8515709642470206
band_0.05_0.70,0.05,0.7,3271,fixed,0.08,0.15529141104294478,0.9782608695652174,405.0,2203.0000000000005,9.0,692.9999999999995,0.021739130434782608,0.7607044198895029,0.8447085889570553
band_0.05_0.70,0.05,0.7,3271,fixed,0.1,0.15881188118811881,0.9685990338164251,401.0,2123.9999999999995,13.0,772.0000000000005,0.03140096618357488,0.7334254143646407,0.8411881188118812
band_0.05_0.70,0.05,0.7,3271,fixed,0.12,0.1626579698328577,0.9637681159420289,399.0,2054.0,15.0,842.0,0.036231884057971016,0.7092541436464088,0.8373420301671423
band_0.05_0.70,0.05,0.7,3271,fixed,0.15,0.16716164616037335,0.9516908212560387,394.0,1963.0000000000002,20.0,932.9999999999998,0.04830917874396135,0.6778314917127073,0.8328383538396267
band_0.05_0.70,0.05,0.7,3271,fixed,0.18,0.17100044072278536,0.9371980676328503,388.0,1881.0,26.0,1015.0,0.06280193236714976,0.6495165745856354,0.8289995592772146
band_0.05_0.70,0.05,0.7,3271,fixed,0.2,0.17281728172817282,0.927536231884058,384.0,1838.0,30.0,1058.0,0.07246376811594203,0.6346685082872928,0.8271827182718272
band_0.05_0.70,0.05,0.7,3271,fixed,0.23,0.17472118959107807,0.9082125603864735,376.0,1776.0,38.0,1120.0,0.09178743961352658,0.6132596685082873,0.8252788104089219
band_0.05_0.70,0.05,0.7,3271,fixed,0.25,0.17644276253547778,0.9009661835748792,373.0,1740.9999999999998,41.0,1155.0000000000002,0.09903381642512077,0.6011740331491712,0.8235572374645223
band_0.05_0.70,0.05,0.7,3271,fixed,0.28,0.17818889970788704,0.8840579710144928,366.0,1688.0,48.0,1208.0,0.11594202898550725,0.5828729281767956,0.8218111002921129
band_0.05_0.70,0.05,0.7,3271,fixed,0.3,0.17802088513177525,0.8647342995169082,358.0,1652.9999999999998,56.0,1243.0000000000002,0.13526570048309178,0.5707872928176795,0.8219791148682247
band_0.05_0.70,0.05,0.7,3271,fixed,0.32,0.17790167257982767,0.8478260869565217,351.0,1622.0000000000002,63.0,1273.9999999999998,0.15217391304347827,0.5600828729281768,0.8220983274201723
band_0.05_0.70,0.05,0.7,3271,fixed,0.35,0.1801566579634465,0.8333333333333334,345.0,1569.9999999999998,69.0,1326.0000000000002,0.16666666666666666,0.5421270718232043,0.8198433420365535
band_0.05_0.70,0.05,0.7,3271,fixed,0.38,0.1821138211382114,0.8115942028985508,336.0,1509.0,78.0,1387.0,0.18840579710144928,0.5210635359116023,0.8178861788617886
band_0.05_0.70,0.05,0.7,3271,fixed,0.4,0.18371837183718373,0.8067632850241546,334.0,1483.9999999999998,80.0,1412.0000000000002,0.1932367149758454,0.5124309392265193,0.8162816281628162
band_0.05_0.70,0.05,0.7,3271,fixed,0.42,0.18422535211267604,0.7898550724637681,327.0,1448.0000000000002,87.0,1447.9999999999998,0.21014492753623187,0.5000000000000001,0.815774647887324
band_0.05_0.70,0.05,0.7,3271,fixed,0.45,0.18622300058377117,0.7705314009661836,319.0,1394.0,95.0,1502.0,0.22946859903381642,0.481353591160221,0.8137769994162288
band_0.05_0.70,0.05,0.7,3271,fixed,0.48,0.18198757763975154,0.7077294685990339,293.0,1317.0000000000002,121.0,1578.9999999999998,0.2922705314009662,0.4547651933701658,0.8180124223602485
band_0.05_0.70,0.05,0.7,3271,fixed,0.5,0.18630678077682686,0.6835748792270532,283.0,1236.0,131.0,1660.0,0.3164251207729469,0.42679558011049723,0.8136932192231732
band_0.05_0.80,0.05,0.8,3279,auto95,0.15,0.16716164616037335,0.9516908212560387,394.0,1963.0000000000002,20.0,932.9999999999998,0.04830917874396135,0.6778314917127073,0.8328383538396267
band_0.05_0.80,0.05,0.8,3279,auto90,0.25,0.17644276253547778,0.9009661835748792,373.0,1740.9999999999998,41.0,1155.0000000000002,0.09903381642512077,0.6011740331491712,0.8235572374645223
band_0.05_0.80,0.05,0.8,3279,fixed,0.05,0.14842903575297942,0.9927536231884058,411.0,2358.0,3.0,538.0,0.007246376811594203,0.8142265193370166,0.8515709642470206
band_0.05_0.80,0.05,0.8,3279,fixed,0.08,0.15529141104294478,0.9782608695652174,405.0,2203.0000000000005,9.0,692.9999999999995,0.021739130434782608,0.7607044198895029,0.8447085889570553
band_0.05_0.80,0.05,0.8,3279,fixed,0.1,0.15881188118811881,0.9685990338164251,401.0,2123.9999999999995,13.0,772.0000000000005,0.03140096618357488,0.7334254143646407,0.8411881188118812
band_0.05_0.80,0.05,0.8,3279,fixed,0.12,0.1626579698328577,0.9637681159420289,399.0,2054.0,15.0,842.0,0.036231884057971016,0.7092541436464088,0.8373420301671423
band_0.05_0.80,0.05,0.8,3279,fixed,0.15,0.16716164616037335,0.9516908212560387,394.0,1963.0000000000002,20.0,932.9999999999998,0.04830917874396135,0.6778314917127073,0.8328383538396267
band_0.05_0.80,0.05,0.8,3279,fixed,0.18,0.17100044072278536,0.9371980676328503,388.0,1881.0,26.0,1015.0,0.06280193236714976,0.6495165745856354,0.8289995592772146
band_0.05_0.80,0.05,0.8,3279,fixed,0.2,0.17281728172817282,0.927536231884058,384.0,1838.0,30.0,1058.0,0.07246376811594203,0.6346685082872928,0.8271827182718272
band_0.05_0.80,0.05,0.8,3279,fixed,0.23,0.17472118959107807,0.9082125603864735,376.0,1776.0,38.0,1120.0,0.09178743961352658,0.6132596685082873,0.8252788104089219
band_0.05_0.80,0.05,0.8,3279,fixed,0.25,0.17644276253547778,0.9009661835748792,373.0,1740.9999999999998,41.0,1155.0000000000002,0.09903381642512077,0.6011740331491712,0.8235572374645223
band_0.05_0.80,0.05,0.8,3279,fixed,0.28,0.17818889970788704,0.8840579710144928,366.0,1688.0,48.0,1208.0,0.11594202898550725,0.5828729281767956,0.8218111002921129
band_0.05_0.80,0.05,0.8,3279,fixed,0.3,0.17802088513177525,0.8647342995169082,358.0,1652.9999999999998,56.0,1243.0000000000002,0.13526570048309178,0.5707872928176795,0.8219791148682247
band_0.05_0.80,0.05,0.8,3279,fixed,0.32,0.17790167257982767,0.8478260869565217,351.0,1622.0000000000002,63.0,1273.9999999999998,0.15217391304347827,0.5600828729281768,0.8220983274201723
band_0.05_0.80,0.05,0.8,3279,fixed,0.35,0.1801566579634465,0.8333333333333334,345.0,1569.9999999999998,69.0,1326.0000000000002,0.16666666666666666,0.5421270718232043,0.8198433420365535
band_0.05_0.80,0.05,0.8,3279,fixed,0.38,0.1821138211382114,0.8115942028985508,336.0,1509.0,78.0,1387.0,0.18840579710144928,0.5210635359116023,0.8178861788617886
band_0.05_0.80,0.05,0.8,3279,fixed,0.4,0.18371837183718373,0.8067632850241546,334.0,1483.9999999999998,80.0,1412.0000000000002,0.1932367149758454,0.5124309392265193,0.8162816281628162
band_0.05_0.80,0.05,0.8,3279,fixed,0.42,0.18422535211267604,0.7898550724637681,327.0,1448.0000000000002,87.0,1447.9999999999998,0.21014492753623187,0.5000000000000001,0.815774647887324
band_0.05_0.80,0.05,0.8,3279,fixed,0.45,0.18622300058377117,0.7705314009661836,319.0,1394.0,95.0,1502.0,0.22946859903381642,0.481353591160221,0.8137769994162288
band_0.05_0.80,0.05,0.8,3279,fixed,0.48,0.18198757763975154,0.7077294685990339,293.0,1317.0000000000002,121.0,1578.9999999999998,0.2922705314009662,0.4547651933701658,0.8180124223602485
band_0.05_0.80,0.05,0.8,3279,fixed,0.5,0.18630678077682686,0.6835748792270532,283.0,1236.0,131.0,1660.0,0.3164251207729469,0.42679558011049723,0.8136932192231732
band_0.10_0.35,0.1,0.35,1501,auto95,0.15,0.16478931998331248,0.9541062801932367,395.0,2002.0,19.0,894.0,0.04589371980676329,0.6912983425414365,0.8352106800166875
band_0.10_0.35,0.1,0.35,1501,auto90,0.3,0.1746031746031746,0.9033816425120773,374.0,1767.9999999999998,40.0,1128.0000000000002,0.0966183574879227,0.6104972375690607,0.8253968253968254
band_0.10_0.35,0.1,0.35,1501,fixed,0.05,0.1456930166607586,0.9927536231884058,411.0,2410.0,3.0,486.0,0.007246376811594203,0.8321823204419889,0.8543069833392414
band_0.10_0.35,0.1,0.35,1501,fixed,0.08,0.15335100340780008,0.9782608695652174,405.0,2236.0,9.0,660.0,0.021739130434782608,0.7720994475138122,0.8466489965921999
band_0.10_0.35,0.1,0.35,1501,fixed,0.1,0.15799842395587077,0.9685990338164251,401.0,2137.0,13.0,759.0,0.03140096618357488,0.737914364640884,0.8420015760441293
band_0.10_0.35,0.1,0.35,1501,fixed,0.12,0.1611470113085622,0.9637681159420289,399.0,2076.9999999999995,15.0,819.0000000000005,0.036231884057971016,0.7171961325966849,0.8388529886914378
band_0.10_0.35,0.1,0.35,1501,fixed,0.15,0.16478931998331248,0.9541062801932367,395.0,2002.0,19.0,894.0,0.04589371980676329,0.6912983425414365,0.8352106800166875
band_0.10_0.35,0.1,0.35,1501,fixed,0.18,0.16795201371036847,0.9468599033816425,392.0,1941.9999999999998,22.0,954.0000000000002,0.05314009661835749,0.6705801104972375,0.8320479862896315
band_0.10_0.35,0.1,0.35,1501,fixed,0.2,0.17007394519356242,0.9444444444444444,391.0,1907.9999999999998,23.0,988.0000000000002,0.05555555555555555,0.6588397790055248,0.8299260548064376
band_0.10_0.35,0.1,0.35,1501,fixed,0.23,0.17215302491103202,0.9347826086956522,387.0,1861.0,27.0,1035.0,0.06521739130434782,0.642610497237569,0.827846975088968
band_0.10_0.35,0.1,0.35,1501,fixed,0.25,0.17305092383956738,0.927536231884058,384.0,1834.9999999999998,30.0,1061.0000000000002,0.07246376811594203,0.6336325966850828,0.8269490761604326
band_0.10_0.35,0.1,0.35,1501,fixed,0.28,0.17395306028531984,0.9130434782608695,378.0,1794.9999999999998,36.0,1101.0000000000002,0.08695652173913043,0.6198204419889501,0.8260469397146801
band_0.10_0.35,0.1,0.35,1501,fixed,0.3,0.1746031746031746,0.9033816425120773,374.0,1767.9999999999998,40.0,1128.0000000000002,0.0966183574879227,0.6104972375690607,0.8253968253968254
band_0.10_0.35,0.1,0.35,1501,fixed,0.32,0.1747756258856873,0.893719806763285,370.0,1747.0,44.0,1149.0,0.10628019323671498,0.6032458563535912,0.8252243741143127
band_0.10_0.35,0.1,0.35,1501,fixed,0.35,0.1777137367915466,0.893719806763285,370.0,1712.0,44.0,1184.0,0.10628019323671498,0.5911602209944752,0.8222862632084534
band_0.10_0.35,0.1,0.35,1501,fixed,0.38,0.17950079660116836,0.8164251207729468,338.0,1544.9999999999998,76.0,1351.0000000000002,0.18357487922705315,0.5334944751381214,0.8204992033988316
band_0.10_0.35,0.1,0.35,1501,fixed,0.4,0.18029115341545351,0.7777777777777778,322.0,1464.0,92.0,1432.0,0.2222222222222222,0.505524861878453,0.8197088465845465
band_0.10_0.35,0.1,0.35,1501,fixed,0.42,0.18105515587529977,0.7294685990338164,302.0,1366.0,112.0,1530.0,0.27053140096618356,0.47168508287292815,0.8189448441247003
band_0.10_0.35,0.1,0.35,1501,fixed,0.45,0.18898186889818688,0.6545893719806763,271.0,1163.0,143.0,1733.0,0.34541062801932365,0.40158839779005523,0.8110181311018131
band_0.10_0.35,0.1,0.35,1501,fixed,0.48,0.19604612850082373,0.5748792270531401,238.0,976.0,176.0,1920.0,0.4251207729468599,0.3370165745856354,0.8039538714991763
band_0.10_0.35,0.1,0.35,1501,fixed,0.5,0.20113314447592068,0.5144927536231884,212.99999999999997,845.9999999999999,201.00000000000003,2050.0,0.48550724637681164,0.29212707182320435,0.7988668555240793
band_0.10_0.40,0.1,0.4,1742,auto95,0.15,0.1665963728384648,0.9541062801932367,395.0,1976.0,19.0,920.0,0.04589371980676329,0.6823204419889503,0.8334036271615353
band_0.10_0.40,0.1,0.4,1742,auto90,0.25,0.17449355432780847,0.9154589371980676,379.0,1793.0000000000002,35.0,1102.9999999999998,0.08454106280193237,0.6191298342541437,0.8255064456721916
band_0.10_0.40,0.1,0.4,1742,fixed,0.05,0.14610735869178812,0.9927536231884058,411.0,2402.0,3.0,494.0,0.007246376811594203,0.8294198895027625,0.8538926413082119
band_0.10_0.40,0.1,0.4,1742,fixed,0.08,0.15416825275980206,0.9782608695652174,405.0,2222.0,9.0,674.0,0.021739130434782608,0.7672651933701657,0.8458317472401979
band_0.10_0.40,0.1,0.4,1742,fixed,0.1,0.15887480190174327,0.9685990338164251,401.0,2123.0,13.0,773.0,0.03140096618357488,0.7330801104972375,0.8411251980982567
band_0.10_0.40,0.1,0.4,1742,fixed,0.12,0.16226108174054493,0.9637681159420289,399.0,2060.0,15.0,836.0,0.036231884057971016,0.7113259668508287,0.837738918259455
band_0.10_0.40,0.1,0.4,1742,fixed,0.15,0.1665963728384648,0.9541062801932367,395.0,1976.0,19.0,920.0,0.04589371980676329,0.6823204419889503,0.8334036271615353
band_0.10_0.40,0.1,0.4,1742,fixed,0.18,0.16963123644251626,0.9444444444444444,391.0,1914.0,23.0,982.0,0.05555555555555555,0.6609116022099447,0.8303687635574837
band_0.10_0.40,0.1,0.4,1742,fixed,0.2,0.17152961980548187,0.9371980676328503,388.0,1874.0000000000002,26.0,1021.9999999999998,0.06280193236714976,0.6470994475138122,0.8284703801945181
band_0.10_0.40,0.1,0.4,1742,fixed,0.23,0.1733212341197822,0.9227053140096618,382.0,1822.0000000000002,32.0,1073.9999999999998,0.07729468599033816,0.6291436464088399,0.8266787658802178
band_0.10_0.40,0.1,0.4,1742,fixed,0.25,0.17449355432780847,0.9154589371980676,379.0,1793.0000000000002,35.0,1102.9999999999998,0.08454106280193237,0.6191298342541437,0.8255064456721916
band_0.10_0.40,0.1,0.4,1742,fixed,0.28,0.1753889674681754,0.8985507246376812,372.0,1749.0,42.0,1147.0,0.10144927536231885,0.6039364640883977,0.8246110325318246
band_0.10_0.40,0.1,0.4,1742,fixed,0.3,0.17593480345158197,0.8864734299516909,367.0,1719.0000000000002,47.0,1176.9999999999998,0.11352657004830918,0.5935773480662985,0.824065196548418
band_0.10_0.40,0.1,0.4,1742,fixed,0.32,0.17518248175182483,0.8695652173913043,360.0,1694.9999999999998,54.0,1201.0000000000002,0.13043478260869565,0.5852900552486187,0.8248175182481752
band_0.10_0.40,0.1,0.4,1742,fixed,0.35,0.17834078489816194,0.8671497584541062,359.0,1654.0,55.0,1242.0,0.13285024154589373,0.5711325966850829,0.821659215101838
band_0.10_0.40,0.1,0.4,1742,fixed,0.38,0.17848036715961244,0.8454106280193237,350.0,1611.0000000000002,64.0,1284.9999999999998,0.15458937198067632,0.5562845303867404,0.8215196328403875
band_0.10_0.40,0.1,0.4,1742,fixed,0.4,0.1791967044284243,0.8405797101449275,348.0,1594.0000000000002,66.0,1301.9999999999998,0.15942028985507245,0.550414364640884,0.8208032955715757
band_0.10_0.40,0.1,0.4,1742,fixed,0.42,0.1800660792951542,0.7898550724637681,327.0,1488.9999999999998,87.0,1407.0000000000002,0.21014492753623187,0.5141574585635358,0.8199339207048458
band_0.10_0.40,0.1,0.4,1742,fixed,0.45,0.1876981610653139,0.714975845410628,296.0,1281.0,118.0,1615.0,0.28502415458937197,0.4423342541436464,0.8123018389346861
band_0.10_0.40,0.1,0.4,1742,fixed,0.48,0.19390787518573552,0.6304347826086957,261.0,1085.0,153.0,1811.0,0.3695652173913043,0.37465469613259667,0.8060921248142645
band_0.10_0.40,0.1,0.4,1742,fixed,0.5,0.19864750633981404,0.5676328502415459,235.0,947.9999999999999,179.0,1948.0,0.4323671497584541,0.3273480662983425,0.8013524936601859
band_0.10_0.45,0.1,0.45,2035,auto95,0.1,0.15877437325905291,0.9637681159420289,399.0,2114.0,15.0,782.0,0.036231884057971016,0.7299723756906077,0.841225626740947
band_0.10_0.45,0.1,0.45,2035,auto90,0.25,0.17594759007955077,0.9082125603864735,376.0,1761.0000000000002,38.0,1134.9999999999998,0.09178743961352658,0.6080801104972376,0.8240524099204493
band_0.10_0.45,0.1,0.45,2035,fixed,0.05,0.14621131270010673,0.9927536231884058,411.0,2399.9999999999995,3.0,496.00000000000045,0.007246376811594203,0.8287292817679557,0.8537886872998932
band_0.10_0.45,0.1,0.45,2035,fixed,0.08,0.15431627196333078,0.9758454106280193,404.0,2214.0,10.0,682.0,0.024154589371980676,0.7645027624309392,0.8456837280366692
band_0.10_0.45,0.1,0.45,2035,fixed,0.1,0.15877437325905291,0.9637681159420289,399.0,2114.0,15.0,782.0,0.036231884057971016,0.7299723756906077,0.841225626740947
band_0.10_0.45,0.1,0.45,2035,fixed,0.12,0.1623721881390593,0.9589371980676329,397.0,2048.0000000000005,17.0,847.9999999999995,0.04106280193236715,0.7071823204419891,0.8376278118609407
band_0.10_0.45,0.1,0.45,2035,fixed,0.15,0.1668081494057725,0.9492753623188406,393.0,1963.0000000000002,21.0,932.9999999999998,0.050724637681159424,0.6778314917127073,0.8331918505942275
band_0.10_0.45,0.1,0.45,2035,fixed,0.18,0.17068889863975428,0.9396135265700483,389.0,1889.9999999999998,25.0,1006.0000000000002,0.06038647342995169,0.6526243093922651,0.8293111013602457
band_0.10_0.45,0.1,0.45,2035,fixed,0.2,0.17225950782997762,0.9299516908212561,385.0,1850.0000000000005,29.0,1045.9999999999995,0.07004830917874397,0.6388121546961327,0.8277404921700224
band_0.10_0.45,0.1,0.45,2035,fixed,0.23,0.17449355432780847,0.9154589371980676,379.0,1793.0000000000002,35.0,1102.9999999999998,0.08454106280193237,0.6191298342541437,0.8255064456721916
band_0.10_0.45,0.1,0.45,2035,fixed,0.25,0.17594759007955077,0.9082125603864735,376.0,1761.0000000000002,38.0,1134.9999999999998,0.09178743961352658,0.6080801104972376,0.8240524099204493
band_0.10_0.45,0.1,0.45,2035,fixed,0.28,0.17757459095283926,0.8913043478260869,369.0,1709.0000000000002,45.0,1186.9999999999998,0.10869565217391304,0.5901243093922652,0.8224254090471608
band_0.10_0.45,0.1,0.45,2035,fixed,0.3,0.17834394904458598,0.8792270531400966,364.0,1677.0000000000002,50.0,1218.9999999999998,0.12077294685990338,0.5790745856353592,0.821656050955414
band_0.10_0.45,0.1,0.45,2035,fixed,0.32,0.17787742899850523,0.8623188405797102,357.0,1650.0000000000002,57.0,1245.9999999999998,0.13768115942028986,0.5697513812154696,0.8221225710014948
band_0.10_0.45,0.1,0.45,2035,fixed,0.35,0.18047034764826175,0.8526570048309179,353.0,1603.0,61.0,1293.0,0.1473429951690821,0.5535220994475138,0.8195296523517382
band_0.10_0.45,0.1,0.45,2035,fixed,0.38,0.18133895624670532,0.8309178743961353,344.0,1553.0,70.0,1343.0,0.16908212560386474,0.5362569060773481,0.8186610437532946
band_0.10_0.45,0.1,0.45,2035,fixed,0.4,0.1824,0.8260869565217391,342.0,1532.9999999999998,72.0,1363.0000000000002,0.17391304347826086,0.5293508287292817,0.8176
band_0.10_0.45,0.1,0.45,2035,fixed,0.42,0.1826086956521739,0.8115942028985508,336.0,1503.9999999999998,78.0,1392.0000000000002,0.18840579710144928,0.5193370165745855,0.817391304347826
band_0.10_0.45,0.1,0.45,2035,fixed,0.45,0.18394648829431437,0.7971014492753623,330.0,1464.0,84.0,1432.0,0.2028985507246377,0.505524861878453,0.8160535117056856
band_0.10_0.45,0.1,0.45,2035,fixed,0.48,0.1878238341968912,0.7004830917874396,290.0,1254.0,124.0,1642.0,0.2995169082125604,0.4330110497237569,0.8121761658031088
band_0.10_0.45,0.1,0.45,2035,fixed,0.5,0.19141193595342068,0.6352657004830918,263.0,1111.0,151.0,1785.0,0.3647342995169082,0.38363259668508287,0.8085880640465793
band_0.10_0.50,0.1,0.5,2348,auto95,0.1,0.1590275009964129,0.9637681159420289,399.0,2110.0,15.0,786.0,0.036231884057971016,0.7285911602209945,0.8409724990035871
band_0.10_0.50,0.1,0.5,2348,auto90,0.25,0.17641509433962263,0.9033816425120773,374.0,1746.0,40.0,1150.0,0.0966183574879227,0.6029005524861878,0.8235849056603773
band_0.10_0.50,0.1,0.5,2348,fixed,0.05,0.14631541473834106,0.9927536231884058,411.0,2397.9999999999995,3.0,498.00000000000045,0.007246376811594203,0.828038674033149,0.8536845852616589
band_0.10_0.50,0.1,0.5,2348,fixed,0.08,0.15449330783938814,0.9758454106280193,404.0,2211.0,10.0,685.0,0.024154589371980676,0.7634668508287292,0.8455066921606118
band_0.10_0.50,0.1,0.5,2348,fixed,0.1,0.1590275009964129,0.9637681159420289,399.0,2110.0,15.0,786.0,0.036231884057971016,0.7285911602209945,0.8409724990035871
band_0.10_0.50,0.1,0.5,2348,fixed,0.12,0.16263826300696435,0.9589371980676329,397.0,2044.0,17.0,852.0,0.04106280193236715,0.7058011049723757,0.8373617369930356
band_0.10_0.50,0.1,0.5,2348,fixed,0.15,0.1672340425531915,0.9492753623188406,393.0,1957.0,21.0,939.0,0.050724637681159424,0.6757596685082873,0.8327659574468085
band_0.10_0.50,0.1,0.5,2348,fixed,0.18,0.17071018967798854,0.9347826086956522,387.0,1880.0,27.0,1016.0,0.06521739130434782,0.649171270718232,0.8292898103220114
band_0.10_0.50,0.1,0.5,2348,fixed,0.2,0.17228969860548807,0.9251207729468599,383.0,1840.0000000000005,31.0,1055.9999999999995,0.0748792270531401,0.6353591160220996,0.827710301394512
band_0.10_0.50,0.1,0.5,2348,fixed,0.23,0.17477978674084377,0.9106280193236715,377.0,1779.9999999999998,37.0,1116.0000000000002,0.0893719806763285,0.6146408839779005,0.8252202132591562
band_0.10_0.50,0.1,0.5,2348,fixed,0.25,0.17641509433962263,0.9033816425120773,374.0,1746.0,40.0,1150.0,0.0966183574879227,0.6029005524861878,0.8235849056603773
band_0.10_0.50,0.1,0.5,2348,fixed,0.28,0.17815533980582524,0.8864734299516909,367.0,1693.0,47.0,1203.0,0.11352657004830918,0.5845994475138122,0.8218446601941748
band_0.10_0.50,0.1,0.5,2348,fixed,0.3,0.1781296387926769,0.8695652173913043,360.0,1660.9999999999998,54.0,1235.0000000000002,0.13043478260869565,0.573549723756906,0.821870361207323
band_0.10_0.50,0.1,0.5,2348,fixed,0.32,0.17801311144730206,0.8526570048309179,353.0,1630.0,61.0,1266.0,0.1473429951690821,0.5628453038674033,0.821986888552698
band_0.10_0.50,0.1,0.5,2348,fixed,0.35,0.18040435458786935,0.8405797101449275,348.0,1581.0000000000002,66.0,1314.9999999999998,0.15942028985507245,0.5459254143646409,0.8195956454121307
band_0.10_0.50,0.1,0.5,2348,fixed,0.38,0.18176943699731904,0.8188405797101449,339.0,1526.0,75.0,1370.0,0.18115942028985507,0.5269337016574586,0.8182305630026809
band_0.10_0.50,0.1,0.5,2348,fixed,0.4,0.1830526887561108,0.8140096618357487,337.0,1504.0000000000002,77.0,1391.9999999999998,0.1859903381642512,0.5193370165745858,0.8169473112438892
band_0.10_0.50,0.1,0.5,2348,fixed,0.42,0.18292682926829268,0.7971014492753623,330.0,1474.0,84.0,1422.0,0.2028985507246377,0.5089779005524862,0.8170731707317074
band_0.10_0.50,0.1,0.5,2348,fixed,0.45,0.18503712164477443,0.782608695652174,324.0,1427.0,90.0,1469.0,0.21739130434782608,0.4927486187845304,0.8149628783552256
band_0.10_0.50,0.1,0.5,2348,fixed,0.48,0.18236352729454108,0.7342995169082126,304.0,1363.0,110.0,1533.0,0.26570048309178745,0.47064917127071826,0.8176364727054589
band_0.10_0.50,0.1,0.5,2348,fixed,0.5,0.18373680943513346,0.714975845410628,296.0,1315.0,118.0,1581.0,0.28502415458937197,0.45407458563535913,0.8162631905648665
band_0.10_0.55,0.1,0.55,2780,auto95,0.1,0.1590909090909091,0.9637681159420289,399.0,2109.0000000000005,15.0,786.9999999999995,0.036231884057971016,0.7282458563535913,0.8409090909090909
band_0.10_0.55,0.1,0.55,2780,auto90,0.2,0.1725225225225225,0.9251207729468599,383.0,1837.0,31.0,1059.0,0.0748792270531401,0.6343232044198895,0.8274774774774775
band_0.10_0.55,0.1,0.55,2780,fixed,0.05,0.14631541473834106,0.9927536231884058,411.0,2397.9999999999995,3.0,498.00000000000045,0.007246376811594203,0.828038674033149,0.8536845852616589
band_0.10_0.55,0.1,0.55,2780,fixed,0.08,0.15449330783938814,0.9758454106280193,404.0,2211.0,10.0,685.0,0.024154589371980676,0.7634668508287292,0.8455066921606118
band_0.10_0.55,0.1,0.55,2780,fixed,0.1,0.1590909090909091,0.9637681159420289,399.0,2109.0000000000005,15.0,786.9999999999995,0.036231884057971016,0.7282458563535913,0.8409090909090909
band_0.10_0.55,0.1,0.55,2780,fixed,0.12,0.1627049180327869,0.9589371980676329,397.0,2043.0,17.0,853.0,0.04106280193236715,0.7054558011049724,0.8372950819672131
band_0.10_0.55,0.1,0.55,2780,fixed,0.15,0.16737649063032367,0.9492753623188406,393.0,1955.0000000000002,21.0,940.9999999999998,0.050724637681159424,0.6750690607734807,0.8326235093696763
band_0.10_0.55,0.1,0.55,2780,fixed,0.18,0.17086092715231788,0.9347826086956522,387.0,1878.0000000000002,27.0,1017.9999999999998,0.06521739130434782,0.6484806629834254,0.8291390728476822
band_0.10_0.55,0.1,0.55,2780,fixed,0.2,0.1725225225225225,0.9251207729468599,383.0,1837.0,31.0,1059.0,0.0748792270531401,0.6343232044198895,0.8274774774774775
band_0.10_0.55,0.1,0.55,2780,fixed,0.23,0.17433751743375175,0.9057971014492754,375.0,1775.9999999999998,39.0,1120.0000000000002,0.09420289855072464,0.6132596685082872,0.8256624825662482
band_0.10_0.55,0.1,0.55,2780,fixed,0.25,0.1759697256385998,0.8985507246376812,372.0,1742.0,42.0,1154.0,0.10144927536231885,0.6015193370165746,0.8240302743614002
band_0.10_0.55,0.1,0.55,2780,fixed,0.28,0.17770204479065238,0.8816425120772947,365.0,1689.0,49.0,1207.0,0.11835748792270531,0.5832182320441989,0.8222979552093477
band_0.10_0.55,0.1,0.55,2780,fixed,0.3,0.17784401390958768,0.8647342995169082,358.0,1655.0,56.0,1241.0,0.13526570048309178,0.5714779005524862,0.8221559860904123
band_0.10_0.55,0.1,0.55,2780,fixed,0.32,0.17772151898734176,0.8478260869565217,351.0,1624.0000000000002,63.0,1271.9999999999998,0.15217391304347827,0.5607734806629835,0.8222784810126582
band_0.10_0.55,0.1,0.55,2780,fixed,0.35,0.17978113600833767,0.8333333333333334,345.0,1574.0,69.0,1322.0,0.16666666666666666,0.5435082872928176,0.8202188639916623
band_0.10_0.55,0.1,0.55,2780,fixed,0.38,0.18152350081037277,0.8115942028985508,336.0,1515.0,78.0,1381.0,0.18840579710144928,0.523135359116022,0.8184764991896272
band_0.10_0.55,0.1,0.55,2780,fixed,0.4,0.18301369863013697,0.8067632850241546,334.0,1491.0000000000002,80.0,1404.9999999999998,0.1932367149758454,0.5148480662983426,0.816986301369863
band_0.10_0.55,0.1,0.55,2780,fixed,0.42,0.1835016835016835,0.7898550724637681,327.0,1455.0,87.0,1441.0,0.21014492753623187,0.5024171270718232,0.8164983164983165
band_0.10_0.55,0.1,0.55,2780,fixed,0.45,0.18561484918793503,0.7729468599033816,320.0,1404.0,94.0,1492.0,0.22705314009661837,0.48480662983425415,0.814385150812065
band_0.10_0.55,0.1,0.55,2780,fixed,0.48,0.18153846153846154,0.7125603864734299,295.0,1330.0,119.0,1566.0,0.28743961352657005,0.4592541436464088,0.8184615384615385
band_0.10_0.55,0.1,0.55,2780,fixed,0.5,0.18451612903225806,0.6908212560386473,286.0,1264.0,128.0,1632.0,0.30917874396135264,0.43646408839779005,0.8154838709677419
band_0.10_0.60,0.1,0.6,3079,auto95,0.1,0.1592814371257485,0.9637681159420289,399.0,2106.0,15.0,790.0,0.036231884057971016,0.7272099447513812,0.8407185628742515
band_0.10_0.60,0.1,0.6,3079,auto90,0.2,0.17283393501805056,0.9251207729468599,383.0,1833.0,31.0,1063.0,0.0748792270531401,0.6329419889502762,0.8271660649819494
band_0.10_0.60,0.1,0.6,3079,fixed,0.05,0.14631541473834106,0.9927536231884058,411.0,2397.9999999999995,3.0,498.00000000000045,0.007246376811594203,0.828038674033149,0.8536845852616589
band_0.10_0.60,0.1,0.6,3079,fixed,0.08,0.15461155759663223,0.9758454106280193,404.0,2209.0,10.0,687.0,0.024154589371980676,0.7627762430939227,0.8453884424033677
band_0.10_0.60,0.1,0.6,3079,fixed,0.1,0.1592814371257485,0.9637681159420289,399.0,2106.0,15.0,790.0,0.036231884057971016,0.7272099447513812,0.8407185628742515
band_0.10_0.60,0.1,0.6,3079,fixed,0.12,0.1629052113254001,0.9589371980676329,397.0,2040.0,17.0,856.0,0.04106280193236715,0.7044198895027625,0.8370947886745999
band_0.10_0.60,0.1,0.6,3079,fixed,0.15,0.167590618336887,0.9492753623188406,393.0,1952.0,21.0,944.0,0.050724637681159424,0.6740331491712708,0.8324093816631131
band_0.10_0.60,0.1,0.6,3079,fixed,0.18,0.17108753315649866,0.9347826086956522,387.0,1875.0000000000002,27.0,1020.9999999999998,0.06521739130434782,0.6474447513812156,0.8289124668435013
band_0.10_0.60,0.1,0.6,3079,fixed,0.2,0.17283393501805056,0.9251207729468599,383.0,1833.0,31.0,1063.0,0.0748792270531401,0.6329419889502762,0.8271660649819494
band_0.10_0.60,0.1,0.6,3079,fixed,0.23,0.17466231951560315,0.9057971014492754,375.0,1772.0,39.0,1124.0,0.09420289855072464,0.611878453038674,0.8253376804843968
band_0.10_0.60,0.1,0.6,3079,fixed,0.25,0.176303317535545,0.8985507246376812,372.0,1738.0,42.0,1158.0,0.10144927536231885,0.6001381215469613,0.8236966824644549
band_0.10_0.60,0.1,0.6,3079,fixed,0.28,0.17804878048780487,0.8816425120772947,365.0,1685.0000000000002,49.0,1210.9999999999998,0.11835748792270531,0.5818370165745858,0.8219512195121952
band_0.10_0.60,0.1,0.6,3079,fixed,0.3,0.17828685258964144,0.8647342995169082,358.0,1649.9999999999998,56.0,1246.0000000000002,0.13526570048309178,0.5697513812154695,0.8217131474103585
band_0.10_0.60,0.1,0.6,3079,fixed,0.32,0.17817258883248732,0.8478260869565217,351.0,1619.0,63.0,1277.0,0.15217391304347827,0.5590469613259669,0.8218274111675127
band_0.10_0.60,0.1,0.6,3079,fixed,0.35,0.18034500784108728,0.8333333333333334,345.0,1568.0000000000002,69.0,1327.9999999999998,0.16666666666666666,0.5414364640883979,0.8196549921589127
band_0.10_0.60,0.1,0.6,3079,fixed,0.38,0.18231144872490504,0.8115942028985508,336.0,1507.0000000000002,78.0,1388.9999999999998,0.18840579710144928,0.5203729281767957,0.817688551275095
band_0.10_0.60,0.1,0.6,3079,fixed,0.4,0.18381948266373144,0.8067632850241546,334.0,1483.0,80.0,1413.0,0.1932367149758454,0.512085635359116,0.8161805173362686
band_0.10_0.60,0.1,0.6,3079,fixed,0.42,0.1843291995490417,0.7898550724637681,327.0,1447.0,87.0,1449.0,0.21014492753623187,0.49965469613259667,0.8156708004509583
band_0.10_0.60,0.1,0.6,3079,fixed,0.45,0.18680677174547577,0.7729468599033816,320.0,1393.0000000000002,94.0,1502.9999999999998,0.22705314009661837,0.48100828729281775,0.8131932282545242
band_0.10_0.60,0.1,0.6,3079,fixed,0.48,0.1824953445065177,0.7101449275362319,294.0,1317.0,120.0,1579.0,0.2898550724637681,0.45476519337016574,0.8175046554934823
band_0.10_0.60,0.1,0.6,3079,fixed,0.5,0.18671926364234057,0.6859903381642513,284.0,1237.0,130.0,1659.0,0.3140096618357488,0.42714088397790057,0.8132807363576594
band_0.10_0.70,0.1,0.7,3202,auto95,0.1,0.1592814371257485,0.9637681159420289,399.0,2106.0,15.0,790.0,0.036231884057971016,0.7272099447513812,0.8407185628742515
band_0.10_0.70,0.1,0.7,3202,auto90,0.2,0.17283393501805056,0.9251207729468599,383.0,1833.0,31.0,1063.0,0.0748792270531401,0.6329419889502762,0.8271660649819494
band_0.10_0.70,0.1,0.7,3202,fixed,0.05,0.14631541473834106,0.9927536231884058,411.0,2397.9999999999995,3.0,498.00000000000045,0.007246376811594203,0.828038674033149,0.8536845852616589
band_0.10_0.70,0.1,0.7,3202,fixed,0.08,0.15461155759663223,0.9758454106280193,404.0,2209.0,10.0,687.0,0.024154589371980676,0.7627762430939227,0.8453884424033677
band_0.10_0.70,0.1,0.7,3202,fixed,0.1,0.1592814371257485,0.9637681159420289,399.0,2106.0,15.0,790.0,0.036231884057971016,0.7272099447513812,0.8407185628742515
band_0.10_0.70,0.1,0.7,3202,fixed,0.12,0.1629052113254001,0.9589371980676329,397.0,2040.0,17.0,856.0,0.04106280193236715,0.7044198895027625,0.8370947886745999
band_0.10_0.70,0.1,0.7,3202,fixed,0.15,0.167590618336887,0.9492753623188406,393.0,1952.0,21.0,944.0,0.050724637681159424,0.6740331491712708,0.8324093816631131
band_0.10_0.70,0.1,0.7,3202,fixed,0.18,0.17108753315649866,0.9347826086956522,387.0,1875.0000000000002,27.0,1020.9999999999998,0.06521739130434782,0.6474447513812156,0.8289124668435013
band_0.10_0.70,0.1,0.7,3202,fixed,0.2,0.17283393501805056,0.9251207729468599,383.0,1833.0,31.0,1063.0,0.0748792270531401,0.6329419889502762,0.8271660649819494
band_0.10_0.70,0.1,0.7,3202,fixed,0.23,0.17466231951560315,0.9057971014492754,375.0,1772.0,39.0,1124.0,0.09420289855072464,0.611878453038674,0.8253376804843968
band_0.10_0.70,0.1,0.7,3202,fixed,0.25,0.176303317535545,0.8985507246376812,372.0,1738.0,42.0,1158.0,0.10144927536231885,0.6001381215469613,0.8236966824644549
band_0.10_0.70,0.1,0.7,3202,fixed,0.28,0.17804878048780487,0.8816425120772947,365.0,1685.0000000000002,49.0,1210.9999999999998,0.11835748792270531,0.5818370165745858,0.8219512195121952
band_0.10_0.70,0.1,0.7,3202,fixed,0.3,0.17828685258964144,0.8647342995169082,358.0,1649.9999999999998,56.0,1246.0000000000002,0.13526570048309178,0.5697513812154695,0.8217131474103585
band_0.10_0.70,0.1,0.7,3202,fixed,0.32,0.17817258883248732,0.8478260869565217,351.0,1619.0,63.0,1277.0,0.15217391304347827,0.5590469613259669,0.8218274111675127
band_0.10_0.70,0.1,0.7,3202,fixed,0.35,0.18043933054393305,0.8333333333333334,345.0,1567.0,69.0,1329.0,0.16666666666666666,0.5410911602209945,0.819560669456067
band_0.10_0.70,0.1,0.7,3202,fixed,0.38,0.18241042345276873,0.8115942028985508,336.0,1506.0000000000002,78.0,1389.9999999999998,0.18840579710144928,0.5200276243093923,0.8175895765472313
band_0.10_0.70,0.1,0.7,3202,fixed,0.4,0.183920704845815,0.8067632850241546,334.0,1481.9999999999998,80.0,1414.0000000000002,0.1932367149758454,0.5117403314917126,0.816079295154185
band_0.10_0.70,0.1,0.7,3202,fixed,0.42,0.1844331641285956,0.7898550724637681,327.0,1446.0,87.0,1450.0,0.21014492753623187,0.4993093922651934,0.8155668358714044
band_0.10_0.70,0.1,0.7,3202,fixed,0.45,0.1864406779661017,0.7705314009661836,319.0,1392.0,95.0,1504.0,0.22946859903381642,0.48066298342541436,0.8135593220338984
band_0.10_0.70,0.1,0.7,3202,fixed,0.48,0.1822139303482587,0.7077294685990339,293.0,1315.0,121.0,1581.0,0.2922705314009662,0.45407458563535913,0.8177860696517413
band_0.10_0.70,0.1,0.7,3202,fixed,0.5,0.1865524060646012,0.6835748792270532,283.0,1234.0,131.0,1662.0,0.3164251207729469,0.4261049723756906,0.8134475939353988
band_0.10_0.80,0.1,0.8,3210,auto95,0.1,0.1592814371257485,0.9637681159420289,399.0,2106.0,15.0,790.0,0.036231884057971016,0.7272099447513812,0.8407185628742515
band_0.10_0.80,0.1,0.8,3210,auto90,0.2,0.17283393501805056,0.9251207729468599,383.0,1833.0,31.0,1063.0,0.0748792270531401,0.6329419889502762,0.8271660649819494
band_0.10_0.80,0.1,0.8,3210,fixed,0.05,0.14631541473834106,0.9927536231884058,411.0,2397.9999999999995,3.0,498.00000000000045,0.007246376811594203,0.828038674033149,0.8536845852616589
band_0.10_0.80,0.1,0.8,3210,fixed,0.08,0.15461155759663223,0.9758454106280193,404.0,2209.0,10.0,687.0,0.024154589371980676,0.7627762430939227,0.8453884424033677
band_0.10_0.80,0.1,0.8,3210,fixed,0.1,0.1592814371257485,0.9637681159420289,399.0,2106.0,15.0,790.0,0.036231884057971016,0.7272099447513812,0.8407185628742515
band_0.10_0.80,0.1,0.8,3210,fixed,0.12,0.1629052113254001,0.9589371980676329,397.0,2040.0,17.0,856.0,0.04106280193236715,0.7044198895027625,0.8370947886745999
band_0.10_0.80,0.1,0.8,3210,fixed,0.15,0.167590618336887,0.9492753623188406,393.0,1952.0,21.0,944.0,0.050724637681159424,0.6740331491712708,0.8324093816631131
band_0.10_0.80,0.1,0.8,3210,fixed,0.18,0.17108753315649866,0.9347826086956522,387.0,1875.0000000000002,27.0,1020.9999999999998,0.06521739130434782,0.6474447513812156,0.8289124668435013
band_0.10_0.80,0.1,0.8,3210,fixed,0.2,0.17283393501805056,0.9251207729468599,383.0,1833.0,31.0,1063.0,0.0748792270531401,0.6329419889502762,0.8271660649819494
band_0.10_0.80,0.1,0.8,3210,fixed,0.23,0.17466231951560315,0.9057971014492754,375.0,1772.0,39.0,1124.0,0.09420289855072464,0.611878453038674,0.8253376804843968
band_0.10_0.80,0.1,0.8,3210,fixed,0.25,0.176303317535545,0.8985507246376812,372.0,1738.0,42.0,1158.0,0.10144927536231885,0.6001381215469613,0.8236966824644549
band_0.10_0.80,0.1,0.8,3210,fixed,0.28,0.17804878048780487,0.8816425120772947,365.0,1685.0000000000002,49.0,1210.9999999999998,0.11835748792270531,0.5818370165745858,0.8219512195121952
band_0.10_0.80,0.1,0.8,3210,fixed,0.3,0.17828685258964144,0.8647342995169082,358.0,1649.9999999999998,56.0,1246.0000000000002,0.13526570048309178,0.5697513812154695,0.8217131474103585
band_0.10_0.80,0.1,0.8,3210,fixed,0.32,0.17817258883248732,0.8478260869565217,351.0,1619.0,63.0,1277.0,0.15217391304347827,0.5590469613259669,0.8218274111675127
band_0.10_0.80,0.1,0.8,3210,fixed,0.35,0.18043933054393305,0.8333333333333334,345.0,1567.0,69.0,1329.0,0.16666666666666666,0.5410911602209945,0.819560669456067
band_0.10_0.80,0.1,0.8,3210,fixed,0.38,0.18241042345276873,0.8115942028985508,336.0,1506.0000000000002,78.0,1389.9999999999998,0.18840579710144928,0.5200276243093923,0.8175895765472313
band_0.10_0.80,0.1,0.8,3210,fixed,0.4,0.183920704845815,0.8067632850241546,334.0,1481.9999999999998,80.0,1414.0000000000002,0.1932367149758454,0.5117403314917126,0.816079295154185
band_0.10_0.80,0.1,0.8,3210,fixed,0.42,0.1844331641285956,0.7898550724637681,327.0,1446.0,87.0,1450.0,0.21014492753623187,0.4993093922651934,0.8155668358714044
band_0.10_0.80,0.1,0.8,3210,fixed,0.45,0.1864406779661017,0.7705314009661836,319.0,1392.0,95.0,1504.0,0.22946859903381642,0.48066298342541436,0.8135593220338984
band_0.10_0.80,0.1,0.8,3210,fixed,0.48,0.1822139303482587,0.7077294685990339,293.0,1315.0,121.0,1581.0,0.2922705314009662,0.45407458563535913,0.8177860696517413
band_0.10_0.80,0.1,0.8,3210,fixed,0.5,0.1865524060646012,0.6835748792270532,283.0,1234.0,131.0,1662.0,0.3164251207729469,0.4261049723756906,0.8134475939353988
band_0.15_0.35,0.15,0.35,1285,auto95,0.1,0.1497584541062802,0.9734299516908212,403.0,2288.0,11.0,608.0,0.026570048309178744,0.7900552486187845,0.8502415458937198
band_0.15_0.35,0.15,0.35,1285,auto90,0.3,0.1751173708920188,0.9009661835748792,373.0,1756.9999999999998,41.0,1139.0000000000002,0.09903381642512077,0.6066988950276242,0.8248826291079812
band_0.15_0.35,0.15,0.35,1285,fixed,0.05,0.14076346284935243,0.9975845410628019,413.0,2521.0,1.0,375.0,0.0024154589371980675,0.8705110497237569,0.8592365371506476
band_0.15_0.35,0.15,0.35,1285,fixed,0.08,0.14645555955379633,0.9830917874396136,407.0,2372.0,7.0,524.0,0.016908212560386472,0.819060773480663,0.8535444404462037
band_0.15_0.35,0.15,0.35,1285,fixed,0.1,0.1497584541062802,0.9734299516908212,403.0,2288.0,11.0,608.0,0.026570048309178744,0.7900552486187845,0.8502415458937198
band_0.15_0.35,0.15,0.35,1285,fixed,0.12,0.15462315462315462,0.961352657004831,398.0,2175.9999999999995,16.0,720.0000000000005,0.03864734299516908,0.7513812154696131,0.8453768453768453
band_0.15_0.35,0.15,0.35,1285,fixed,0.15,0.16574819838914795,0.9444444444444444,391.0,1967.9999999999998,23.0,928.0000000000002,0.05555555555555555,0.6795580110497237,0.834251801610852
band_0.15_0.35,0.15,0.35,1285,fixed,0.18,0.1685490877497828,0.9371980676328503,388.0,1913.9999999999998,26.0,982.0000000000002,0.06280193236714976,0.6609116022099447,0.8314509122502172
band_0.15_0.35,0.15,0.35,1285,fixed,0.2,0.17018469656992086,0.9347826086956522,387.0,1887.0,27.0,1009.0,0.06521739130434782,0.6515883977900553,0.8298153034300791
band_0.15_0.35,0.15,0.35,1285,fixed,0.23,0.17190305206463197,0.9251207729468599,383.0,1845.0,31.0,1051.0,0.0748792270531401,0.637085635359116,0.828096947935368
band_0.15_0.35,0.15,0.35,1285,fixed,0.25,0.17264879600181735,0.9178743961352657,380.0,1821.0,34.0,1075.0,0.0821256038647343,0.6287983425414365,0.8273512039981826
band_0.15_0.35,0.15,0.35,1285,fixed,0.28,0.17415470125057897,0.9082125603864735,376.0,1783.0000000000002,38.0,1112.9999999999998,0.09178743961352658,0.6156767955801106,0.825845298749421
band_0.15_0.35,0.15,0.35,1285,fixed,0.3,0.1751173708920188,0.9009661835748792,373.0,1756.9999999999998,41.0,1139.0000000000002,0.09903381642512077,0.6066988950276242,0.8248826291079812
band_0.15_0.35,0.15,0.35,1285,fixed,0.32,0.17504743833017078,0.8913043478260869,369.0,1739.0000000000002,45.0,1156.9999999999998,0.10869565217391304,0.6004834254143647,0.8249525616698292
band_0.15_0.35,0.15,0.35,1285,fixed,0.35,0.1777456647398844,0.8913043478260869,369.0,1707.0,45.0,1189.0,0.10869565217391304,0.5894337016574586,0.8222543352601156
band_0.15_0.35,0.15,0.35,1285,fixed,0.38,0.1797872340425532,0.8164251207729468,338.0,1541.9999999999998,76.0,1354.0000000000002,0.18357487922705315,0.5324585635359115,0.8202127659574467
band_0.15_0.35,0.15,0.35,1285,fixed,0.4,0.18059450364554122,0.7777777777777778,322.0,1461.0000000000002,92.0,1434.9999999999998,0.2222222222222222,0.5044889502762432,0.8194054963544588
band_0.15_0.35,0.15,0.35,1285,fixed,0.42,0.18138138138138138,0.7294685990338164,302.0,1363.0,112.0,1533.0,0.27053140096618356,0.47064917127071826,0.8186186186186186
band_0.15_0.35,0.15,0.35,1285,fixed,0.45,0.1893780573025856,0.6545893719806763,271.0,1160.0,143.0,1736.0,0.34541062801932365,0.4005524861878453,0.8106219426974144
band_0.15_0.35,0.15,0.35,1285,fixed,0.48,0.19653179190751446,0.5748792270531401,238.0,972.9999999999999,176.0,1923.0,0.4251207729468599,0.3359806629834254,0.8034682080924855
band_0.15_0.35,0.15,0.35,1285,fixed,0.5,0.20170454545454544,0.5144927536231884,212.99999999999997,843.0,201.00000000000003,2053.0,0.48550724637681164,0.29109116022099446,0.7982954545454546
band_0.15_0.40,0.15,0.4,1526,auto95,0.1,0.15054165110197984,0.9734299516908212,403.0,2274.0,11.0,622.0,0.026570048309178744,0.7852209944751382,0.8494583488980202
band_0.15_0.40,0.15,0.4,1526,auto90,0.25,0.17409470752089137,0.9057971014492754,375.0,1778.9999999999998,39.0,1117.0000000000002,0.09420289855072464,0.6142955801104971,0.8259052924791086
band_0.15_0.40,0.15,0.4,1526,fixed,0.05,0.14114832535885166,0.9975845410628019,413.0,2513.0,1.0,383.0,0.0024154589371980675,0.8677486187845304,0.8588516746411483
band_0.15_0.40,0.15,0.4,1526,fixed,0.08,0.14719710669077757,0.9830917874396136,407.0,2358.0000000000005,7.0,537.9999999999995,0.016908212560386472,0.8142265193370167,0.8528028933092224
band_0.15_0.40,0.15,0.4,1526,fixed,0.1,0.15054165110197984,0.9734299516908212,403.0,2274.0,11.0,622.0,0.026570048309178744,0.7852209944751382,0.8494583488980202
band_0.15_0.40,0.15,0.4,1526,fixed,0.12,0.1556511536957372,0.961352657004831,398.0,2158.9999999999995,16.0,737.0000000000005,0.03864734299516908,0.7455110497237567,0.8443488463042628
band_0.15_0.40,0.15,0.4,1526,fixed,0.15,0.16759537076725248,0.9444444444444444,391.0,1942.0,23.0,954.0,0.05555555555555555,0.6705801104972375,0.8324046292327475
band_0.15_0.40,0.15,0.4,1526,fixed,0.18,0.1702595688517378,0.9347826086956522,387.0,1886.0,27.0,1010.0,0.06521739130434782,0.6512430939226519,0.8297404311482622
band_0.15_0.40,0.15,0.4,1526,fixed,0.2,0.17165847116674118,0.927536231884058,384.0,1852.9999999999998,30.0,1043.0000000000002,0.07246376811594203,0.6398480662983425,0.8283415288332588
band_0.15_0.40,0.15,0.4,1526,fixed,0.23,0.17307692307692307,0.9130434782608695,378.0,1805.9999999999998,36.0,1090.0000000000002,0.08695652173913043,0.6236187845303867,0.8269230769230769
band_0.15_0.40,0.15,0.4,1526,fixed,0.25,0.17409470752089137,0.9057971014492754,375.0,1778.9999999999998,39.0,1117.0000000000002,0.09420289855072464,0.6142955801104971,0.8259052924791086
band_0.15_0.40,0.15,0.4,1526,fixed,0.28,0.17560512577123874,0.893719806763285,370.0,1736.9999999999998,44.0,1159.0000000000002,0.10628019323671498,0.5997928176795579,0.8243948742287612
band_0.15_0.40,0.15,0.4,1526,fixed,0.3,0.17647058823529413,0.8840579710144928,366.0,1707.9999999999998,48.0,1188.0000000000002,0.11594202898550725,0.5897790055248618,0.8235294117647058
band_0.15_0.40,0.15,0.4,1526,fixed,0.32,0.17546432062561096,0.8671497584541062,359.0,1686.9999999999998,55.0,1209.0000000000002,0.13285024154589373,0.5825276243093922,0.824535679374389
band_0.15_0.40,0.15,0.4,1526,fixed,0.35,0.1783756851021425,0.8647342995169082,358.0,1648.9999999999998,56.0,1247.0000000000002,0.13526570048309178,0.5694060773480663,0.8216243148978575
band_0.15_0.40,0.15,0.4,1526,fixed,0.38,0.1787538304392237,0.8454106280193237,350.0,1608.0000000000002,64.0,1287.9999999999998,0.15458937198067632,0.5552486187845305,0.8212461695607763
band_0.15_0.40,0.15,0.4,1526,fixed,0.4,0.17947395564724083,0.8405797101449275,348.0,1590.9999999999998,66.0,1305.0000000000002,0.15942028985507245,0.5493784530386739,0.8205260443527591
band_0.15_0.40,0.15,0.4,1526,fixed,0.42,0.18036403750689464,0.7898550724637681,327.0,1486.0000000000002,87.0,1409.9999999999998,0.21014492753623187,0.5131215469613261,0.8196359624931053
band_0.15_0.40,0.15,0.4,1526,fixed,0.45,0.1880559085133418,0.714975845410628,296.0,1278.0,118.0,1618.0,0.28502415458937197,0.44129834254143646,0.8119440914866582
band_0.15_0.40,0.15,0.4,1526,fixed,0.48,0.19434102755026061,0.6304347826086957,261.0,1082.0,153.0,1814.0,0.3695652173913043,0.3736187845303867,0.8056589724497394
band_0.15_0.40,0.15,0.4,1526,fixed,0.5,0.19915254237288135,0.5676328502415459,235.0,945.0,179.0,1951.0,0.4323671497584541,0.3263121546961326,0.8008474576271186
band_0.15_0.45,0.15,0.45,1819,auto95,0.1,0.1504126031507877,0.9685990338164251,401.0,2265.0,13.0,631.0,0.03140096618357488,0.7821132596685083,0.8495873968492123
band_0.15_0.45,0.15,0.45,1819,auto90,0.2,0.17239819004524887,0.9202898550724637,381.0,1828.9999999999998,33.0,1067.0000000000002,0.07971014492753623,0.6315607734806629,0.8276018099547511
band_0.15_0.45,0.15,0.45,1819,fixed,0.05,0.14124487004103967,0.9975845410628019,413.0,2511.0,1.0,385.0,0.0024154589371980675,0.8670580110497238,0.8587551299589603
band_0.15_0.45,0.15,0.45,1819,fixed,0.08,0.14731494920174165,0.9806763285024155,406.0,2350.0,8.0,546.0,0.01932367149758454,0.81146408839779,0.8526850507982584
band_0.15_0.45,0.15,0.45,1819,fixed,0.1,0.1504126031507877,0.9685990338164251,401.0,2265.0,13.0,631.0,0.03140096618357488,0.7821132596685083,0.8495873968492123
band_0.15_0.45,0.15,0.45,1819,fixed,0.12,0.15572158867479355,0.9565217391304348,396.0,2147.0,18.0,749.0,0.043478260869565216,0.7413674033149171,0.8442784113252064
band_0.15_0.45,0.15,0.45,1819,fixed,0.15,0.16781708369283865,0.9396135265700483,389.0,1929.0,25.0,967.0,0.06038647342995169,0.6660911602209945,0.8321829163071613
band_0.15_0.45,0.15,0.45,1819,fixed,0.18,0.17133956386292834,0.9299516908212561,385.0,1862.0,29.0,1034.0,0.07004830917874397,0.6429558011049724,0.8286604361370716
band_0.15_0.45,0.15,0.45,1819,fixed,0.2,0.17239819004524887,0.9202898550724637,381.0,1828.9999999999998,33.0,1067.0000000000002,0.07971014492753623,0.6315607734806629,0.8276018099547511
band_0.15_0.45,0.15,0.45,1819,fixed,0.23,0.17425650557620817,0.9057971014492754,375.0,1777.0,39.0,1119.0,0.09420289855072464,0.6136049723756906,0.8257434944237918
band_0.15_0.45,0.15,0.45,1819,fixed,0.25,0.1755545068428504,0.8985507246376812,372.0,1747.0000000000002,42.0,1148.9999999999998,0.10144927536231885,0.6032458563535913,0.8244454931571497
band_0.15_0.45,0.15,0.45,1819,fixed,0.28,0.17781007751937986,0.8864734299516909,367.0,1696.9999999999998,47.0,1199.0000000000002,0.11352657004830918,0.5859806629834253,0.8221899224806202
band_0.15_0.45,0.15,0.45,1819,fixed,0.3,0.17890586495810745,0.8768115942028986,363.0,1666.0,51.0,1230.0,0.12318840579710146,0.5752762430939227,0.8210941350418925
band_0.15_0.45,0.15,0.45,1819,fixed,0.32,0.1781781781781782,0.8599033816425121,356.0,1642.0,58.0,1254.0,0.14009661835748793,0.5669889502762431,0.8218218218218218
band_0.15_0.45,0.15,0.45,1819,fixed,0.35,0.18051282051282053,0.8502415458937198,352.0,1597.9999999999998,62.0,1298.0000000000002,0.1497584541062802,0.5517955801104971,0.8194871794871794
band_0.15_0.45,0.15,0.45,1819,fixed,0.38,0.1816261879619852,0.8309178743961353,344.0,1550.0,70.0,1346.0,0.16908212560386474,0.5352209944751382,0.8183738120380148
band_0.15_0.45,0.15,0.45,1819,fixed,0.4,0.18269230769230768,0.8260869565217391,342.0,1530.0,72.0,1366.0,0.17391304347826086,0.5283149171270718,0.8173076923076923
band_0.15_0.45,0.15,0.45,1819,fixed,0.42,0.1829069134458356,0.8115942028985508,336.0,1501.0,78.0,1395.0,0.18840579710144928,0.5183011049723757,0.8170930865541643
band_0.15_0.45,0.15,0.45,1819,fixed,0.45,0.18425460636515914,0.7971014492753623,330.0,1461.0,84.0,1435.0,0.2028985507246377,0.5044889502762431,0.8157453936348409
band_0.15_0.45,0.15,0.45,1819,fixed,0.48,0.18818948734587929,0.7004830917874396,290.0,1251.0,124.0,1645.0,0.2995169082125604,0.431975138121547,0.8118105126541207
band_0.15_0.45,0.15,0.45,1819,fixed,0.5,0.19183078045222465,0.6352657004830918,263.0,1108.0,151.0,1788.0,0.3647342995169082,0.3825966850828729,0.8081692195477753
band_0.15_0.50,0.15,0.5,2132,auto95,0.1,0.15063861758076635,0.9685990338164251,401.0,2261.0,13.0,635.0,0.03140096618357488,0.7807320441988951,0.8493613824192336
band_0.15_0.50,0.15,0.5,2132,auto90,0.2,0.1724294813466788,0.9154589371980676,379.0,1819.0000000000002,35.0,1076.9999999999998,0.08454106280193237,0.62810773480663,0.8275705186533212
band_0.15_0.50,0.15,0.5,2132,fixed,0.05,0.14134154688569472,0.9975845410628019,413.0,2509.0000000000005,1.0,386.99999999999955,0.0024154589371980675,0.8663674033149172,0.8586584531143053
band_0.15_0.50,0.15,0.5,2132,fixed,0.08,0.14747548129313476,0.9806763285024155,406.0,2347.0,8.0,549.0,0.01932367149758454,0.8104281767955801,0.8525245187068653
band_0.15_0.50,0.15,0.5,2132,fixed,0.1,0.15063861758076635,0.9685990338164251,401.0,2261.0,13.0,635.0,0.03140096618357488,0.7807320441988951,0.8493613824192336
band_0.15_0.50,0.15,0.5,2132,fixed,0.12,0.15596691610870422,0.9565217391304348,396.0,2142.9999999999995,18.0,753.0000000000005,0.043478260869565216,0.7399861878453037,0.8440330838912957
band_0.15_0.50,0.15,0.5,2132,fixed,0.15,0.16825259515570934,0.9396135265700483,389.0,1923.0000000000002,25.0,972.9999999999998,0.06038647342995169,0.6640193370165747,0.8317474048442907
band_0.15_0.50,0.15,0.5,2132,fixed,0.18,0.17136465324384786,0.9251207729468599,383.0,1852.0,31.0,1044.0,0.0748792270531401,0.6395027624309392,0.8286353467561521
band_0.15_0.50,0.15,0.5,2132,fixed,0.2,0.1724294813466788,0.9154589371980676,379.0,1819.0000000000002,35.0,1076.9999999999998,0.08454106280193237,0.62810773480663,0.8275705186533212
band_0.15_0.50,0.15,0.5,2132,fixed,0.23,0.17454375292466073,0.9009661835748792,373.0,1764.0,41.0,1132.0,0.09903381642512077,0.6091160220994475,0.8254562470753393
band_0.15_0.50,0.15,0.5,2132,fixed,0.25,0.17602283539486205,0.893719806763285,370.0,1731.9999999999998,44.0,1164.0000000000002,0.10628019323671498,0.5980662983425413,0.8239771646051379
band_0.15_0.50,0.15,0.5,2132,fixed,0.28,0.17839687194525905,0.8816425120772947,365.0,1680.9999999999998,49.0,1215.0000000000002,0.11835748792270531,0.5804558011049723,0.8216031280547409
band_0.15_0.50,0.15,0.5,2132,fixed,0.3,0.17869586859133899,0.8671497584541062,359.0,1649.9999999999998,55.0,1246.0000000000002,0.13285024154589373,0.5697513812154695,0.821304131408661
band_0.15_0.50,0.15,0.5,2132,fixed,0.32,0.17831813576494426,0.8502415458937198,352.0,1622.0000000000002,62.0,1273.9999999999998,0.1497584541062802,0.5600828729281768,0.8216818642350557
band_0.15_0.50,0.15,0.5,2132,fixed,0.35,0.18044721788871554,0.8381642512077294,347.0,1576.0000000000002,67.0,1319.9999999999998,0.16183574879227053,0.5441988950276244,0.8195527821112845
band_0.15_0.50,0.15,0.5,2132,fixed,0.38,0.182062298603652,0.8188405797101449,339.0,1522.9999999999998,75.0,1373.0000000000002,0.18115942028985507,0.5258977900552485,0.817937701396348
band_0.15_0.50,0.15,0.5,2132,fixed,0.4,0.18335146898803048,0.8140096618357487,337.0,1500.9999999999998,77.0,1395.0000000000002,0.1859903381642512,0.5183011049723756,0.8166485310119695
band_0.15_0.50,0.15,0.5,2132,fixed,0.42,0.18323153803442532,0.7971014492753623,330.0,1471.0,84.0,1425.0,0.2028985507246377,0.5079419889502762,0.8167684619655746
band_0.15_0.50,0.15,0.5,2132,fixed,0.45,0.1853546910755149,0.782608695652174,324.0,1424.0,90.0,1472.0,0.21739130434782608,0.49171270718232046,0.8146453089244852
band_0.15_0.50,0.15,0.5,2132,fixed,0.48,0.18269230769230768,0.7342995169082126,304.0,1360.0,110.0,1536.0,0.26570048309178745,0.4696132596685083,0.8173076923076923
band_0.15_0.50,0.15,0.5,2132,fixed,0.5,0.18407960199004975,0.714975845410628,296.0,1312.0000000000002,118.0,1583.9999999999998,0.28502415458937197,0.45303867403314924,0.8159203980099503
band_0.15_0.55,0.15,0.55,2564,auto95,0.1,0.15069522735813604,0.9685990338164251,401.0,2260.0000000000005,13.0,635.9999999999995,0.03140096618357488,0.7803867403314919,0.849304772641864
band_0.15_0.55,0.15,0.55,2564,auto90,0.2,0.17266514806378133,0.9154589371980676,379.0,1816.0,35.0,1080.0,0.08454106280193237,0.6270718232044199,0.8273348519362187
band_0.15_0.55,0.15,0.55,2564,fixed,0.05,0.14134154688569472,0.9975845410628019,413.0,2509.0000000000005,1.0,386.99999999999955,0.0024154589371980675,0.8663674033149172,0.8586584531143053
band_0.15_0.55,0.15,0.55,2564,fixed,0.08,0.14747548129313476,0.9806763285024155,406.0,2347.0,8.0,549.0,0.01932367149758454,0.8104281767955801,0.8525245187068653
band_0.15_0.55,0.15,0.55,2564,fixed,0.1,0.15069522735813604,0.9685990338164251,401.0,2260.0000000000005,13.0,635.9999999999995,0.03140096618357488,0.7803867403314919,0.849304772641864
band_0.15_0.55,0.15,0.55,2564,fixed,0.12,0.15602836879432624,0.9565217391304348,396.0,2142.0,18.0,754.0,0.043478260869565216,0.7396408839779005,0.8439716312056738
band_0.15_0.55,0.15,0.55,2564,fixed,0.15,0.1683982683982684,0.9396135265700483,389.0,1920.9999999999998,25.0,975.0000000000002,0.06038647342995169,0.6633287292817679,0.8316017316017316
band_0.15_0.55,0.15,0.55,2564,fixed,0.18,0.1715181370353784,0.9251207729468599,383.0,1850.0,31.0,1046.0,0.0748792270531401,0.6388121546961326,0.8284818629646216
band_0.15_0.55,0.15,0.55,2564,fixed,0.2,0.17266514806378133,0.9154589371980676,379.0,1816.0,35.0,1080.0,0.08454106280193237,0.6270718232044199,0.8273348519362187
band_0.15_0.55,0.15,0.55,2564,fixed,0.23,0.17409666823087752,0.8961352657004831,371.0,1760.0,43.0,1136.0,0.10386473429951691,0.6077348066298343,0.8259033317691225
band_0.15_0.55,0.15,0.55,2564,fixed,0.25,0.17557251908396945,0.8888888888888888,368.0,1728.0000000000005,46.0,1167.9999999999995,0.1111111111111111,0.5966850828729283,0.8244274809160306
band_0.15_0.55,0.15,0.55,2564,fixed,0.28,0.17794117647058824,0.8768115942028986,363.0,1676.9999999999998,51.0,1219.0000000000002,0.12318840579710146,0.5790745856353591,0.8220588235294117
band_0.15_0.55,0.15,0.55,2564,fixed,0.3,0.17841079460269865,0.8623188405797102,357.0,1644.0,57.0,1252.0,0.13768115942028986,0.5676795580110497,0.8215892053973013
band_0.15_0.55,0.15,0.55,2564,fixed,0.32,0.1780264496439471,0.8454106280193237,350.0,1616.0,64.0,1280.0,0.15458937198067632,0.5580110497237569,0.8219735503560529
band_0.15_0.55,0.15,0.55,2564,fixed,0.35,0.17982226868792472,0.8309178743961353,344.0,1569.0,70.0,1327.0,0.16908212560386474,0.5417817679558011,0.8201777313120753
band_0.15_0.55,0.15,0.55,2564,fixed,0.38,0.18181818181818182,0.8115942028985508,336.0,1511.9999999999998,78.0,1384.0000000000002,0.18840579710144928,0.5220994475138121,0.8181818181818181
band_0.15_0.55,0.15,0.55,2564,fixed,0.4,0.18331503841931943,0.8067632850241546,334.0,1488.0,80.0,1408.0,0.1932367149758454,0.5138121546961326,0.8166849615806806
band_0.15_0.55,0.15,0.55,2564,fixed,0.42,0.18381112984822934,0.7898550724637681,327.0,1452.0,87.0,1444.0,0.21014492753623187,0.5013812154696132,0.8161888701517707
band_0.15_0.55,0.15,0.55,2564,fixed,0.45,0.18593840790238234,0.7729468599033816,320.0,1400.9999999999998,94.0,1495.0000000000002,0.22705314009661837,0.4837707182320441,0.8140615920976176
band_0.15_0.55,0.15,0.55,2564,fixed,0.48,0.1818742293464858,0.7125603864734299,295.0,1327.0,119.0,1569.0,0.28743961352657005,0.45821823204419887,0.8181257706535142
band_0.15_0.55,0.15,0.55,2564,fixed,0.5,0.18487394957983194,0.6908212560386473,286.0,1261.0,128.0,1635.0,0.30917874396135264,0.4354281767955801,0.8151260504201681
band_0.15_0.60,0.15,0.6,2863,auto95,0.1,0.1508653122648608,0.9685990338164251,401.0,2257.0,13.0,639.0,0.03140096618357488,0.7793508287292817,0.8491346877351392
band_0.15_0.60,0.15,0.6,2863,auto90,0.2,0.17298037425832952,0.9154589371980676,379.0,1812.0,35.0,1084.0,0.08454106280193237,0.6256906077348067,0.8270196257416704
band_0.15_0.60,0.15,0.6,2863,fixed,0.05,0.14134154688569472,0.9975845410628019,413.0,2509.0000000000005,1.0,386.99999999999955,0.0024154589371980675,0.8663674033149172,0.8586584531143053
band_0.15_0.60,0.15,0.6,2863,fixed,0.08,0.1475826972010178,0.9806763285024155,406.0,2345.0000000000005,8.0,550.9999999999995,0.01932367149758454,0.8097375690607737,0.8524173027989822
band_0.15_0.60,0.15,0.6,2863,fixed,0.1,0.1508653122648608,0.9685990338164251,401.0,2257.0,13.0,639.0,0.03140096618357488,0.7793508287292817,0.8491346877351392
band_0.15_0.60,0.15,0.6,2863,fixed,0.12,0.15621301775147928,0.9565217391304348,396.0,2139.0,18.0,757.0,0.043478260869565216,0.7386049723756906,0.8437869822485207
band_0.15_0.60,0.15,0.6,2863,fixed,0.15,0.16861725184221935,0.9396135265700483,389.0,1918.0,25.0,978.0,0.06038647342995169,0.662292817679558,0.8313827481577807
band_0.15_0.60,0.15,0.6,2863,fixed,0.18,0.1717488789237668,0.9251207729468599,383.0,1847.0000000000002,31.0,1048.9999999999998,0.0748792270531401,0.6377762430939228,0.8282511210762332
band_0.15_0.60,0.15,0.6,2863,fixed,0.2,0.17298037425832952,0.9154589371980676,379.0,1812.0,35.0,1084.0,0.08454106280193237,0.6256906077348067,0.8270196257416704
band_0.15_0.60,0.15,0.6,2863,fixed,0.23,0.17442407146215327,0.8961352657004831,371.0,1756.0,43.0,1140.0,0.10386473429951691,0.606353591160221,0.8255759285378468
band_0.15_0.60,0.15,0.6,2863,fixed,0.25,0.17590822179732313,0.8888888888888888,368.0,1724.0000000000002,46.0,1171.9999999999998,0.1111111111111111,0.595303867403315,0.8240917782026769
band_0.15_0.60,0.15,0.6,2863,fixed,0.28,0.17829076620825146,0.8768115942028986,363.0,1673.0000000000002,51.0,1222.9999999999998,0.12318840579710146,0.577693370165746,0.8217092337917485
band_0.15_0.60,0.15,0.6,2863,fixed,0.3,0.17885771543086174,0.8623188405797102,357.0,1639.0,57.0,1257.0,0.13768115942028986,0.5659530386740331,0.8211422845691383
band_0.15_0.60,0.15,0.6,2863,fixed,0.32,0.17848036715961244,0.8454106280193237,350.0,1611.0000000000002,64.0,1284.9999999999998,0.15458937198067632,0.5562845303867404,0.8215196328403875
band_0.15_0.60,0.15,0.6,2863,fixed,0.35,0.18038804404824332,0.8309178743961353,344.0,1563.0000000000002,70.0,1332.9999999999998,0.16908212560386474,0.5397099447513813,0.8196119559517567
band_0.15_0.60,0.15,0.6,2863,fixed,0.38,0.1826086956521739,0.8115942028985508,336.0,1503.9999999999998,78.0,1392.0000000000002,0.18840579710144928,0.5193370165745855,0.817391304347826
band_0.15_0.60,0.15,0.6,2863,fixed,0.4,0.18412348401323042,0.8067632850241546,334.0,1480.0,80.0,1416.0,0.1932367149758454,0.511049723756906,0.8158765159867696
band_0.15_0.60,0.15,0.6,2863,fixed,0.42,0.18464144551101072,0.7898550724637681,327.0,1444.0000000000002,87.0,1451.9999999999998,0.21014492753623187,0.4986187845303868,0.8153585544889893
band_0.15_0.60,0.15,0.6,2863,fixed,0.45,0.1871345029239766,0.7729468599033816,320.0,1390.0,94.0,1506.0,0.22705314009661837,0.47997237569060774,0.8128654970760234
band_0.15_0.60,0.15,0.6,2863,fixed,0.48,0.1828358208955224,0.7101449275362319,294.0,1314.0,120.0,1582.0,0.2898550724637681,0.4537292817679558,0.8171641791044776
band_0.15_0.60,0.15,0.6,2863,fixed,0.5,0.18708827404479578,0.6859903381642513,284.0,1234.0,130.0,1662.0,0.3140096618357488,0.4261049723756906,0.8129117259552042
band_0.15_0.70,0.15,0.7,2986,auto95,0.1,0.1508653122648608,0.9685990338164251,401.0,2257.0,13.0,639.0,0.03140096618357488,0.7793508287292817,0.8491346877351392
band_0.15_0.70,0.15,0.7,2986,auto90,0.2,0.17298037425832952,0.9154589371980676,379.0,1812.0,35.0,1084.0,0.08454106280193237,0.6256906077348067,0.8270196257416704
band_0.15_0.70,0.15,0.7,2986,fixed,0.05,0.14134154688569472,0.9975845410628019,413.0,2509.0000000000005,1.0,386.99999999999955,0.0024154589371980675,0.8663674033149172,0.8586584531143053
band_0.15_0.70,0.15,0.7,2986,fixed,0.08,0.1475826972010178,0.9806763285024155,406.0,2345.0000000000005,8.0,550.9999999999995,0.01932367149758454,0.8097375690607737,0.8524173027989822
band_0.15_0.70,0.15,0.7,2986,fixed,0.1,0.1508653122648608,0.9685990338164251,401.0,2257.0,13.0,639.0,0.03140096618357488,0.7793508287292817,0.8491346877351392
band_0.15_0.70,0.15,0.7,2986,fixed,0.12,0.15621301775147928,0.9565217391304348,396.0,2139.0,18.0,757.0,0.043478260869565216,0.7386049723756906,0.8437869822485207
band_0.15_0.70,0.15,0.7,2986,fixed,0.15,0.16861725184221935,0.9396135265700483,389.0,1918.0,25.0,978.0,0.06038647342995169,0.662292817679558,0.8313827481577807
band_0.15_0.70,0.15,0.7,2986,fixed,0.18,0.1717488789237668,0.9251207729468599,383.0,1847.0000000000002,31.0,1048.9999999999998,0.0748792270531401,0.6377762430939228,0.8282511210762332
band_0.15_0.70,0.15,0.7,2986,fixed,0.2,0.17298037425832952,0.9154589371980676,379.0,1812.0,35.0,1084.0,0.08454106280193237,0.6256906077348067,0.8270196257416704
band_0.15_0.70,0.15,0.7,2986,fixed,0.23,0.17442407146215327,0.8961352657004831,371.0,1756.0,43.0,1140.0,0.10386473429951691,0.606353591160221,0.8255759285378468
band_0.15_0.70,0.15,0.7,2986,fixed,0.25,0.17590822179732313,0.8888888888888888,368.0,1724.0000000000002,46.0,1171.9999999999998,0.1111111111111111,0.595303867403315,0.8240917782026769
band_0.15_0.70,0.15,0.7,2986,fixed,0.28,0.17829076620825146,0.8768115942028986,363.0,1673.0000000000002,51.0,1222.9999999999998,0.12318840579710146,0.577693370165746,0.8217092337917485
band_0.15_0.70,0.15,0.7,2986,fixed,0.3,0.17885771543086174,0.8623188405797102,357.0,1639.0,57.0,1257.0,0.13768115942028986,0.5659530386740331,0.8211422845691383
band_0.15_0.70,0.15,0.7,2986,fixed,0.32,0.17848036715961244,0.8454106280193237,350.0,1611.0000000000002,64.0,1284.9999999999998,0.15458937198067632,0.5562845303867404,0.8215196328403875
band_0.15_0.70,0.15,0.7,2986,fixed,0.35,0.18048268625393493,0.8309178743961353,344.0,1562.0,70.0,1334.0,0.16908212560386474,0.539364640883978,0.8195173137460651
band_0.15_0.70,0.15,0.7,2986,fixed,0.38,0.18270799347471453,0.8115942028985508,336.0,1503.0,78.0,1393.0,0.18840579710144928,0.5189917127071824,0.8172920065252854
band_0.15_0.70,0.15,0.7,2986,fixed,0.4,0.18422504136789852,0.8067632850241546,334.0,1478.9999999999998,80.0,1417.0000000000002,0.1932367149758454,0.5107044198895027,0.8157749586321015
band_0.15_0.70,0.15,0.7,2986,fixed,0.42,0.1847457627118644,0.7898550724637681,327.0,1443.0,87.0,1453.0,0.21014492753623187,0.49827348066298344,0.8152542372881356
band_0.15_0.70,0.15,0.7,2986,fixed,0.45,0.186768149882904,0.7705314009661836,319.0,1388.9999999999998,95.0,1507.0000000000002,0.22946859903381642,0.47962707182320435,0.813231850117096
band_0.15_0.70,0.15,0.7,2986,fixed,0.48,0.18255451713395637,0.7077294685990339,293.0,1312.0,121.0,1584.0,0.2922705314009662,0.4530386740331492,0.8174454828660436
band_0.15_0.70,0.15,0.7,2986,fixed,0.5,0.18692206076618229,0.6835748792270532,283.0,1231.0,131.0,1665.0,0.3164251207729469,0.42506906077348067,0.8130779392338177
band_0.15_0.80,0.15,0.8,2994,auto95,0.1,0.1508653122648608,0.9685990338164251,401.0,2257.0,13.0,639.0,0.03140096618357488,0.7793508287292817,0.8491346877351392
band_0.15_0.80,0.15,0.8,2994,auto90,0.2,0.17298037425832952,0.9154589371980676,379.0,1812.0,35.0,1084.0,0.08454106280193237,0.6256906077348067,0.8270196257416704
band_0.15_0.80,0.15,0.8,2994,fixed,0.05,0.14134154688569472,0.9975845410628019,413.0,2509.0000000000005,1.0,386.99999999999955,0.0024154589371980675,0.8663674033149172,0.8586584531143053
band_0.15_0.80,0.15,0.8,2994,fixed,0.08,0.1475826972010178,0.9806763285024155,406.0,2345.0000000000005,8.0,550.9999999999995,0.01932367149758454,0.8097375690607737,0.8524173027989822
band_0.15_0.80,0.15,0.8,2994,fixed,0.1,0.1508653122648608,0.9685990338164251,401.0,2257.0,13.0,639.0,0.03140096618357488,0.7793508287292817,0.8491346877351392
band_0.15_0.80,0.15,0.8,2994,fixed,0.12,0.15621301775147928,0.9565217391304348,396.0,2139.0,18.0,757.0,0.043478260869565216,0.7386049723756906,0.8437869822485207
band_0.15_0.80,0.15,0.8,2994,fixed,0.15,0.16861725184221935,0.9396135265700483,389.0,1918.0,25.0,978.0,0.06038647342995169,0.662292817679558,0.8313827481577807
band_0.15_0.80,0.15,0.8,2994,fixed,0.18,0.1717488789237668,0.9251207729468599,383.0,1847.0000000000002,31.0,1048.9999999999998,0.0748792270531401,0.6377762430939228,0.8282511210762332
band_0.15_0.80,0.15,0.8,2994,fixed,0.2,0.17298037425832952,0.9154589371980676,379.0,1812.0,35.0,1084.0,0.08454106280193237,0.6256906077348067,0.8270196257416704
band_0.15_0.80,0.15,0.8,2994,fixed,0.23,0.17442407146215327,0.8961352657004831,371.0,1756.0,43.0,1140.0,0.10386473429951691,0.606353591160221,0.8255759285378468
band_0.15_0.80,0.15,0.8,2994,fixed,0.25,0.17590822179732313,0.8888888888888888,368.0,1724.0000000000002,46.0,1171.9999999999998,0.1111111111111111,0.595303867403315,0.8240917782026769
band_0.15_0.80,0.15,0.8,2994,fixed,0.28,0.17829076620825146,0.8768115942028986,363.0,1673.0000000000002,51.0,1222.9999999999998,0.12318840579710146,0.577693370165746,0.8217092337917485
band_0.15_0.80,0.15,0.8,2994,fixed,0.3,0.17885771543086174,0.8623188405797102,357.0,1639.0,57.0,1257.0,0.13768115942028986,0.5659530386740331,0.8211422845691383
band_0.15_0.80,0.15,0.8,2994,fixed,0.32,0.17848036715961244,0.8454106280193237,350.0,1611.0000000000002,64.0,1284.9999999999998,0.15458937198067632,0.5562845303867404,0.8215196328403875
band_0.15_0.80,0.15,0.8,2994,fixed,0.35,0.18048268625393493,0.8309178743961353,344.0,1562.0,70.0,1334.0,0.16908212560386474,0.539364640883978,0.8195173137460651
band_0.15_0.80,0.15,0.8,2994,fixed,0.38,0.18270799347471453,0.8115942028985508,336.0,1503.0,78.0,1393.0,0.18840579710144928,0.5189917127071824,0.8172920065252854
band_0.15_0.80,0.15,0.8,2994,fixed,0.4,0.18422504136789852,0.8067632850241546,334.0,1478.9999999999998,80.0,1417.0000000000002,0.1932367149758454,0.5107044198895027,0.8157749586321015
band_0.15_0.80,0.15,0.8,2994,fixed,0.42,0.1847457627118644,0.7898550724637681,327.0,1443.0,87.0,1453.0,0.21014492753623187,0.49827348066298344,0.8152542372881356
band_0.15_0.80,0.15,0.8,2994,fixed,0.45,0.186768149882904,0.7705314009661836,319.0,1388.9999999999998,95.0,1507.0000000000002,0.22946859903381642,0.47962707182320435,0.813231850117096
band_0.15_0.80,0.15,0.8,2994,fixed,0.48,0.18255451713395637,0.7077294685990339,293.0,1312.0,121.0,1584.0,0.2922705314009662,0.4530386740331492,0.8174454828660436
band_0.15_0.80,0.15,0.8,2994,fixed,0.5,0.18692206076618229,0.6835748792270532,283.0,1231.0,131.0,1665.0,0.3164251207729469,0.42506906077348067,0.8130779392338177
band_0.20_0.35,0.2,0.35,885,auto95,0.15,0.1507213363705391,0.9589371980676329,397.0,2237.0,17.0,659.0,0.04106280193236715,0.7724447513812155,0.8492786636294609
band_0.20_0.35,0.2,0.35,885,auto90,0.2,0.171875,0.9033816425120773,374.0,1802.0,40.0,1094.0,0.0966183574879227,0.6222375690607734,0.828125
band_0.20_0.35,0.2,0.35,885,fixed,0.05,0.13400389357560025,0.9975845410628019,413.0,2669.0,1.0,227.0,0.0024154589371980675,0.9216160220994475,0.8659961064243997
band_0.20_0.35,0.2,0.35,885,fixed,0.08,0.137248322147651,0.9879227053140096,409.0,2571.0,5.0,325.0,0.012077294685990338,0.8877762430939227,0.862751677852349
band_0.20_0.35,0.2,0.35,885,fixed,0.1,0.13904109589041097,0.9806763285024155,406.0,2514.0,8.0,382.0,0.01932367149758454,0.8680939226519337,0.8609589041095891
band_0.20_0.35,0.2,0.35,885,fixed,0.12,0.1419971671388102,0.9685990338164251,401.0,2423.0,13.0,473.0,0.03140096618357488,0.836671270718232,0.8580028328611898
band_0.20_0.35,0.2,0.35,885,fixed,0.15,0.1507213363705391,0.9589371980676329,397.0,2237.0,17.0,659.0,0.04106280193236715,0.7724447513812155,0.8492786636294609
band_0.20_0.35,0.2,0.35,885,fixed,0.18,0.16210526315789472,0.9299516908212561,385.0,1990.0000000000002,29.0,905.9999999999998,0.07004830917874397,0.6871546961325967,0.8378947368421052
band_0.20_0.35,0.2,0.35,885,fixed,0.2,0.171875,0.9033816425120773,374.0,1802.0,40.0,1094.0,0.0966183574879227,0.6222375690607734,0.828125
band_0.20_0.35,0.2,0.35,885,fixed,0.23,0.1730410447761194,0.8961352657004831,371.0,1773.0,43.0,1123.0,0.10386473429951691,0.6122237569060773,0.8269589552238806
band_0.20_0.35,0.2,0.35,885,fixed,0.25,0.17387218045112782,0.893719806763285,370.0,1758.0,44.0,1138.0,0.10628019323671498,0.6070441988950276,0.8261278195488722
band_0.20_0.35,0.2,0.35,885,fixed,0.28,0.1742857142857143,0.8840579710144928,366.0,1734.0,48.0,1162.0,0.11594202898550725,0.5987569060773481,0.8257142857142857
band_0.20_0.35,0.2,0.35,885,fixed,0.3,0.17525276841598458,0.8792270531400966,364.0,1713.0,50.0,1183.0,0.12077294685990338,0.5915055248618785,0.8247472315840154
band_0.20_0.35,0.2,0.35,885,fixed,0.32,0.17458777885548013,0.8695652173913043,360.0,1702.0,54.0,1194.0,0.13043478260869565,0.587707182320442,0.8254122211445198
band_0.20_0.35,0.2,0.35,885,fixed,0.35,0.17725258493353027,0.8695652173913043,360.0,1671.0000000000002,54.0,1224.9999999999998,0.13043478260869565,0.5770027624309393,0.8227474150664698
band_0.20_0.35,0.2,0.35,885,fixed,0.38,0.1791530944625407,0.7971014492753623,330.0,1512.0000000000002,84.0,1383.9999999999998,0.2028985507246377,0.5220994475138122,0.8208469055374593
band_0.20_0.35,0.2,0.35,885,fixed,0.4,0.18010291595197256,0.7608695652173914,315.0,1433.9999999999998,99.0,1462.0000000000002,0.2391304347826087,0.49516574585635353,0.8198970840480274
band_0.20_0.35,0.2,0.35,885,fixed,0.42,0.18031784841075796,0.7125603864734299,295.0,1341.0,119.0,1555.0,0.28743961352657005,0.4630524861878453,0.8196821515892421
band_0.20_0.35,0.2,0.35,885,fixed,0.45,0.18821022727272727,0.6400966183574879,265.0,1143.0,149.0,1753.0,0.35990338164251207,0.394682320441989,0.8117897727272727
band_0.20_0.35,0.2,0.35,885,fixed,0.48,0.19514237855946398,0.5628019323671497,232.99999999999997,961.0,181.00000000000003,1935.0,0.4371980676328503,0.33183701657458564,0.8048576214405361
band_0.20_0.35,0.2,0.35,885,fixed,0.5,0.2017291066282421,0.5072463768115942,210.0,831.0,204.0,2065.0,0.4927536231884058,0.2869475138121547,0.7982708933717579
band_0.20_0.40,0.2,0.4,1126,auto95,0.15,0.1522239263803681,0.9589371980676329,397.0,2211.0,17.0,685.0,0.04106280193236715,0.7634668508287292,0.8477760736196319
band_0.20_0.40,0.2,0.4,1126,auto90,0.15,0.1522239263803681,0.9589371980676329,397.0,2211.0,17.0,685.0,0.04106280193236715,0.7634668508287292,0.8477760736196319
band_0.20_0.40,0.2,0.4,1126,fixed,0.05,0.1343526350032531,0.9975845410628019,413.0,2661.0,1.0,235.0,0.0024154589371980675,0.918853591160221,0.8656473649967469
band_0.20_0.40,0.2,0.4,1126,fixed,0.08,0.13789615643964936,0.9879227053140096,409.0,2557.0,5.0,339.0,0.012077294685990338,0.8829419889502762,0.8621038435603506
band_0.20_0.40,0.2,0.4,1126,fixed,0.1,0.1397109428768066,0.9806763285024155,406.0,2500.0,8.0,396.0,0.01932367149758454,0.8632596685082873,0.8602890571231934
band_0.20_0.40,0.2,0.4,1126,fixed,0.12,0.14285714285714285,0.9685990338164251,401.0,2406.0,13.0,490.0,0.03140096618357488,0.8308011049723757,0.8571428571428572
band_0.20_0.40,0.2,0.4,1126,fixed,0.15,0.1522239263803681,0.9589371980676329,397.0,2211.0,17.0,685.0,0.04106280193236715,0.7634668508287292,0.8477760736196319
band_0.20_0.40,0.2,0.4,1126,fixed,0.18,0.1636828644501279,0.927536231884058,384.0,1961.9999999999998,30.0,934.0000000000002,0.07246376811594203,0.6774861878453038,0.8363171355498721
band_0.20_0.40,0.2,0.4,1126,fixed,0.2,0.1734455352968677,0.8961352657004831,371.0,1767.9999999999998,43.0,1128.0000000000002,0.10386473429951691,0.6104972375690607,0.8265544647031323
band_0.20_0.40,0.2,0.4,1126,fixed,0.23,0.1742857142857143,0.8840579710144928,366.0,1734.0,48.0,1162.0,0.11594202898550725,0.5987569060773481,0.8257142857142857
band_0.20_0.40,0.2,0.4,1126,fixed,0.25,0.17539644401729937,0.8816425120772947,365.0,1716.0,49.0,1180.0,0.11835748792270531,0.5925414364640884,0.8246035559827006
band_0.20_0.40,0.2,0.4,1126,fixed,0.28,0.17578125,0.8695652173913043,360.0,1688.0,54.0,1208.0,0.13043478260869565,0.5828729281767956,0.82421875
band_0.20_0.40,0.2,0.4,1126,fixed,0.3,0.17664522513607125,0.8623188405797102,357.0,1664.0,57.0,1232.0,0.13768115942028986,0.574585635359116,0.8233547748639287
band_0.20_0.40,0.2,0.4,1126,fixed,0.32,0.175,0.8454106280193237,350.0,1650.0,64.0,1246.0,0.15458937198067632,0.5697513812154696,0.825
band_0.20_0.40,0.2,0.4,1126,fixed,0.35,0.17787971457696228,0.8429951690821256,349.0,1613.0000000000002,65.0,1282.9999999999998,0.1570048309178744,0.5569751381215471,0.8221202854230377
band_0.20_0.40,0.2,0.4,1126,fixed,0.38,0.178125,0.8260869565217391,342.0,1578.0,72.0,1318.0,0.17391304347826086,0.544889502762431,0.821875
band_0.20_0.40,0.2,0.4,1126,fixed,0.4,0.17900262467191602,0.8236714975845411,341.0,1563.9999999999998,73.0,1332.0000000000002,0.17632850241545894,0.5400552486187844,0.8209973753280839
band_0.20_0.40,0.2,0.4,1126,fixed,0.42,0.17937219730941703,0.7729468599033816,320.0,1464.0,94.0,1432.0,0.22705314009661837,0.505524861878453,0.820627802690583
band_0.20_0.40,0.2,0.4,1126,fixed,0.45,0.18697614442295293,0.7004830917874396,290.0,1261.0,124.0,1635.0,0.2995169082125604,0.4354281767955801,0.813023855577047
band_0.20_0.40,0.2,0.4,1126,fixed,0.48,0.19306184012066366,0.6183574879227053,256.0,1070.0,158.0,1826.0,0.38164251207729466,0.369475138121547,0.8069381598793364
band_0.20_0.40,0.2,0.4,1126,fixed,0.5,0.19914163090128756,0.5603864734299517,232.00000000000003,933.0000000000001,181.99999999999997,1963.0,0.43961352657004826,0.3221685082872929,0.8008583690987124
band_0.20_0.45,0.2,0.45,1419,auto95,0.15,0.15233320478210566,0.9541062801932367,395.0,2198.0,19.0,698.0,0.04589371980676329,0.7589779005524862,0.8476667952178943
band_0.20_0.45,0.2,0.45,1419,auto90,0.15,0.15233320478210566,0.9541062801932367,395.0,2198.0,19.0,698.0,0.04589371980676329,0.7589779005524862,0.8476667952178943
band_0.20_0.45,0.2,0.45,1419,fixed,0.05,0.13444010416666666,0.9975845410628019,413.0,2659.0000000000005,1.0,236.99999999999955,0.0024154589371980675,0.9181629834254145,0.8655598958333334
band_0.20_0.45,0.2,0.45,1419,fixed,0.08,0.13797768008116335,0.9855072463768116,408.0,2549.0,6.0,347.0,0.014492753623188406,0.8801795580110497,0.8620223199188366
band_0.20_0.45,0.2,0.45,1419,fixed,0.1,0.13955094991364422,0.9758454106280193,404.0,2490.9999999999995,10.0,405.00000000000045,0.024154589371980676,0.8601519337016573,0.8604490500863557
band_0.20_0.45,0.2,0.45,1419,fixed,0.12,0.14285714285714285,0.9637681159420289,399.0,2394.0,15.0,502.0,0.036231884057971016,0.8266574585635359,0.8571428571428572
band_0.20_0.45,0.2,0.45,1419,fixed,0.15,0.15233320478210566,0.9541062801932367,395.0,2198.0,19.0,698.0,0.04589371980676329,0.7589779005524862,0.8476667952178943
band_0.20_0.45,0.2,0.45,1419,fixed,0.18,0.1646551724137931,0.9227053140096618,382.0,1937.9999999999998,32.0,958.0000000000002,0.07729468599033816,0.6691988950276242,0.8353448275862069
band_0.20_0.45,0.2,0.45,1419,fixed,0.2,0.17424242424242425,0.8888888888888888,368.0,1743.9999999999998,46.0,1152.0000000000002,0.1111111111111111,0.6022099447513811,0.8257575757575757
band_0.20_0.45,0.2,0.45,1419,fixed,0.23,0.17553191489361702,0.8768115942028986,363.0,1705.0000000000002,51.0,1190.9999999999998,0.12318840579710146,0.588743093922652,0.824468085106383
band_0.20_0.45,0.2,0.45,1419,fixed,0.25,0.176930596285435,0.8743961352657005,362.0,1683.9999999999998,52.0,1212.0000000000002,0.12560386473429952,0.5814917127071823,0.8230694037145649
band_0.20_0.45,0.2,0.45,1419,fixed,0.28,0.17805486284289276,0.8623188405797102,357.0,1648.0,57.0,1248.0,0.13768115942028986,0.569060773480663,0.8219451371571073
band_0.20_0.45,0.2,0.45,1419,fixed,0.3,0.1791497975708502,0.855072463768116,354.0,1621.9999999999998,60.0,1274.0000000000002,0.14492753623188406,0.5600828729281767,0.8208502024291497
band_0.20_0.45,0.2,0.45,1419,fixed,0.32,0.17776639344262296,0.8381642512077294,347.0,1605.0,67.0,1291.0,0.16183574879227053,0.5542127071823204,0.822233606557377
band_0.20_0.45,0.2,0.45,1419,fixed,0.35,0.18005249343832022,0.8285024154589372,343.0,1561.9999999999998,71.0,1334.0000000000002,0.17149758454106281,0.5393646408839778,0.8199475065616798
band_0.20_0.45,0.2,0.45,1419,fixed,0.38,0.1810344827586207,0.8115942028985508,336.0,1520.0,78.0,1376.0,0.18840579710144928,0.5248618784530387,0.8189655172413793
band_0.20_0.45,0.2,0.45,1419,fixed,0.4,0.1822633297062024,0.8091787439613527,335.0,1503.0,79.0,1393.0,0.19082125603864733,0.5189917127071824,0.8177366702937976
band_0.20_0.45,0.2,0.45,1419,fixed,0.42,0.18196902654867256,0.7946859903381642,329.0,1479.0,85.0,1417.0,0.20531400966183574,0.5107044198895028,0.8180309734513275
band_0.20_0.45,0.2,0.45,1419,fixed,0.45,0.1832579185520362,0.782608695652174,324.0,1444.0000000000002,90.0,1451.9999999999998,0.21739130434782608,0.4986187845303868,0.8167420814479638
band_0.20_0.45,0.2,0.45,1419,fixed,0.48,0.18700787401574803,0.6884057971014492,285.0,1239.0,129.0,1657.0,0.3115942028985507,0.4278314917127072,0.812992125984252
band_0.20_0.45,0.2,0.45,1419,fixed,0.5,0.19174041297935104,0.6280193236714976,260.0,1096.0,154.0,1800.0,0.3719806763285024,0.3784530386740331,0.8082595870206489
band_0.20_0.50,0.2,0.5,1732,auto95,0.15,0.15268650947042905,0.9541062801932367,395.0,2192.0000000000005,19.0,703.9999999999995,0.04589371980676329,0.7569060773480665,0.847313490529571
band_0.20_0.50,0.2,0.5,1732,auto90,0.15,0.15268650947042905,0.9541062801932367,395.0,2192.0000000000005,19.0,703.9999999999995,0.04589371980676329,0.7569060773480665,0.847313490529571
band_0.20_0.50,0.2,0.5,1732,fixed,0.05,0.13452768729641693,0.9975845410628019,413.0,2657.0,1.0,239.0,0.0024154589371980675,0.9174723756906077,0.865472312703583
band_0.20_0.50,0.2,0.5,1732,fixed,0.08,0.13811780636425186,0.9855072463768116,408.0,2546.0,6.0,350.0,0.014492753623188406,0.8791436464088398,0.8618821936357481
band_0.20_0.50,0.2,0.5,1732,fixed,0.1,0.13974403320650294,0.9758454106280193,404.0,2487.0,10.0,409.0,0.024154589371980676,0.8587707182320442,0.860255966793497
band_0.20_0.50,0.2,0.5,1732,fixed,0.12,0.14306202940121907,0.9637681159420289,399.0,2390.0,15.0,506.0,0.036231884057971016,0.8252762430939227,0.856937970598781
band_0.20_0.50,0.2,0.5,1732,fixed,0.15,0.15268650947042905,0.9541062801932367,395.0,2192.0000000000005,19.0,703.9999999999995,0.04589371980676329,0.7569060773480665,0.847313490529571
band_0.20_0.50,0.2,0.5,1732,fixed,0.18,0.16464471403812825,0.9178743961352657,380.0,1928.0000000000002,34.0,967.9999999999998,0.0821256038647343,0.6657458563535913,0.8353552859618718
band_0.20_0.50,0.2,0.5,1732,fixed,0.2,0.1742857142857143,0.8840579710144928,366.0,1734.0,48.0,1162.0,0.11594202898550725,0.5987569060773481,0.8257142857142857
band_0.20_0.50,0.2,0.5,1732,fixed,0.23,0.17584023380418898,0.8719806763285024,361.0,1692.0000000000002,53.0,1203.9999999999998,0.1280193236714976,0.5842541436464089,0.824159766195811
band_0.20_0.50,0.2,0.5,1732,fixed,0.25,0.17742730409068508,0.8695652173913043,360.0,1669.0,54.0,1227.0,0.13043478260869565,0.5763121546961326,0.8225726959093149
band_0.20_0.50,0.2,0.5,1732,fixed,0.28,0.1786612984398591,0.857487922705314,355.0,1631.9999999999998,59.0,1264.0000000000002,0.14251207729468598,0.5635359116022098,0.8213387015601409
band_0.20_0.50,0.2,0.5,1732,fixed,0.3,0.17893660531697342,0.8454106280193237,350.0,1606.0,64.0,1290.0,0.15458937198067632,0.5545580110497238,0.8210633946830266
band_0.20_0.50,0.2,0.5,1732,fixed,0.32,0.1779045643153527,0.8285024154589372,343.0,1584.9999999999998,71.0,1311.0000000000002,0.17149758454106281,0.547306629834254,0.8220954356846473
band_0.20_0.50,0.2,0.5,1732,fixed,0.35,0.1799787007454739,0.8164251207729468,338.0,1540.0000000000002,76.0,1355.9999999999998,0.18357487922705315,0.531767955801105,0.8200212992545262
band_0.20_0.50,0.2,0.5,1732,fixed,0.38,0.18146929824561403,0.7995169082125604,331.0,1493.0,83.0,1403.0,0.20048309178743962,0.5155386740331491,0.8185307017543859
band_0.20_0.50,0.2,0.5,1732,fixed,0.4,0.18292682926829268,0.7971014492753623,330.0,1474.0,84.0,1422.0,0.2028985507246377,0.5089779005524862,0.8170731707317074
band_0.20_0.50,0.2,0.5,1732,fixed,0.42,0.18227990970654628,0.7801932367149759,323.0,1448.9999999999998,91.0,1447.0000000000002,0.21980676328502416,0.5003453038674033,0.8177200902934537
band_0.20_0.50,0.2,0.5,1732,fixed,0.45,0.18434782608695652,0.7681159420289855,318.0,1407.0,96.0,1489.0,0.2318840579710145,0.4858425414364641,0.8156521739130435
band_0.20_0.50,0.2,0.5,1732,fixed,0.48,0.18154219793564055,0.7222222222222222,299.0,1348.0000000000002,115.0,1547.9999999999998,0.2777777777777778,0.46546961325966857,0.8184578020643595
band_0.20_0.50,0.2,0.5,1732,fixed,0.5,0.18392969240426868,0.7077294685990339,293.0,1299.9999999999998,121.0,1596.0000000000002,0.2922705314009662,0.44889502762430933,0.8160703075957313
band_0.20_0.55,0.2,0.55,2164,auto95,0.15,0.1528046421663443,0.9541062801932367,395.0,2190.0,19.0,706.0,0.04589371980676329,0.7562154696132597,0.8471953578336557
band_0.20_0.55,0.2,0.55,2164,auto90,0.15,0.1528046421663443,0.9541062801932367,395.0,2190.0,19.0,706.0,0.04589371980676329,0.7562154696132597,0.8471953578336557
band_0.20_0.55,0.2,0.55,2164,fixed,0.05,0.13452768729641693,0.9975845410628019,413.0,2657.0,1.0,239.0,0.0024154589371980675,0.9174723756906077,0.865472312703583
band_0.20_0.55,0.2,0.55,2164,fixed,0.08,0.13811780636425186,0.9855072463768116,408.0,2546.0,6.0,350.0,0.014492753623188406,0.8791436464088398,0.8618821936357481
band_0.20_0.55,0.2,0.55,2164,fixed,0.1,0.1397923875432526,0.9758454106280193,404.0,2485.9999999999995,10.0,410.00000000000045,0.024154589371980676,0.8584254143646407,0.8602076124567474
band_0.20_0.55,0.2,0.55,2164,fixed,0.12,0.14311334289813488,0.9637681159420289,399.0,2389.0,15.0,507.0,0.036231884057971016,0.8249309392265194,0.8568866571018652
band_0.20_0.55,0.2,0.55,2164,fixed,0.15,0.1528046421663443,0.9541062801932367,395.0,2190.0,19.0,706.0,0.04589371980676329,0.7562154696132597,0.8471953578336557
band_0.20_0.55,0.2,0.55,2164,fixed,0.18,0.1647875108412836,0.9178743961352657,380.0,1926.0000000000002,34.0,969.9999999999998,0.0821256038647343,0.6650552486187846,0.8352124891587164
band_0.20_0.55,0.2,0.55,2164,fixed,0.2,0.17453505007153075,0.8840579710144928,366.0,1730.9999999999998,48.0,1165.0000000000002,0.11594202898550725,0.597720994475138,0.8254649499284692
band_0.20_0.55,0.2,0.55,2164,fixed,0.23,0.17537860283341475,0.8671497584541062,359.0,1688.0,55.0,1208.0,0.13285024154589373,0.5828729281767956,0.8246213971665852
band_0.20_0.55,0.2,0.55,2164,fixed,0.25,0.17696490360850223,0.8647342995169082,358.0,1665.0,56.0,1231.0,0.13526570048309178,0.5749309392265194,0.8230350963914977
band_0.20_0.55,0.2,0.55,2164,fixed,0.28,0.17819283190307925,0.8526570048309179,353.0,1628.0,61.0,1268.0,0.1473429951690821,0.5621546961325967,0.8218071680969208
band_0.20_0.55,0.2,0.55,2164,fixed,0.3,0.17864476386036962,0.8405797101449275,348.0,1599.9999999999998,66.0,1296.0000000000002,0.15942028985507245,0.5524861878453038,0.8213552361396304
band_0.20_0.55,0.2,0.55,2164,fixed,0.32,0.17760416666666667,0.8236714975845411,341.0,1579.0,73.0,1317.0,0.17632850241545894,0.5452348066298343,0.8223958333333333
band_0.20_0.55,0.2,0.55,2164,fixed,0.35,0.17933618843683083,0.8091787439613527,335.0,1533.0,79.0,1363.0,0.19082125603864733,0.5293508287292817,0.8206638115631691
band_0.20_0.55,0.2,0.55,2164,fixed,0.38,0.18121546961325966,0.7922705314009661,328.0,1482.0000000000002,86.0,1413.9999999999998,0.20772946859903382,0.5117403314917128,0.8187845303867404
band_0.20_0.55,0.2,0.55,2164,fixed,0.4,0.18288590604026847,0.7898550724637681,327.0,1460.9999999999998,87.0,1435.0000000000002,0.21014492753623187,0.504488950276243,0.8171140939597316
band_0.20_0.55,0.2,0.55,2164,fixed,0.42,0.18285714285714286,0.7729468599033816,320.0,1430.0,94.0,1466.0,0.22705314009661837,0.4937845303867403,0.8171428571428572
band_0.20_0.55,0.2,0.55,2164,fixed,0.45,0.18492343934040048,0.7584541062801933,314.0,1384.0,100.0,1512.0,0.24154589371980675,0.47790055248618785,0.8150765606595995
band_0.20_0.55,0.2,0.55,2164,fixed,0.48,0.1806853582554517,0.7004830917874396,290.0,1315.0,124.0,1581.0,0.2995169082125604,0.45407458563535913,0.8193146417445483
band_0.20_0.55,0.2,0.55,2164,fixed,0.5,0.18472584856396868,0.6835748792270532,283.0,1249.0,131.0,1647.0,0.3164251207729469,0.4312845303867403,0.8152741514360313
band_0.20_0.60,0.2,0.6,2463,auto95,0.15,0.15298218435321456,0.9541062801932367,395.0,2187.0,19.0,709.0,0.04589371980676329,0.7551795580110497,0.8470178156467855
band_0.20_0.60,0.2,0.6,2463,auto90,0.15,0.15298218435321456,0.9541062801932367,395.0,2187.0,19.0,709.0,0.04589371980676329,0.7551795580110497,0.8470178156467855
band_0.20_0.60,0.2,0.6,2463,fixed,0.05,0.13452768729641693,0.9975845410628019,413.0,2657.0,1.0,239.0,0.0024154589371980675,0.9174723756906077,0.865472312703583
band_0.20_0.60,0.2,0.6,2463,fixed,0.08,0.13821138211382114,0.9855072463768116,408.0,2544.0,6.0,352.0,0.014492753623188406,0.8784530386740331,0.8617886178861789
band_0.20_0.60,0.2,0.6,2463,fixed,0.1,0.13993765154139245,0.9758454106280193,404.0,2482.9999999999995,10.0,413.00000000000045,0.024154589371980676,0.8573895027624308,0.8600623484586075
band_0.20_0.60,0.2,0.6,2463,fixed,0.12,0.14326750448833034,0.9637681159420289,399.0,2386.0,15.0,510.0,0.036231884057971016,0.8238950276243094,0.8567324955116696
band_0.20_0.60,0.2,0.6,2463,fixed,0.15,0.15298218435321456,0.9541062801932367,395.0,2187.0,19.0,709.0,0.04589371980676329,0.7551795580110497,0.8470178156467855
band_0.20_0.60,0.2,0.6,2463,fixed,0.18,0.16500217108119844,0.9178743961352657,380.0,1923.0,34.0,973.0,0.0821256038647343,0.6640193370165746,0.8349978289188016
band_0.20_0.60,0.2,0.6,2463,fixed,0.2,0.17486860965121834,0.8840579710144928,366.0,1727.0,48.0,1169.0,0.11594202898550725,0.5963397790055248,0.8251313903487817
band_0.20_0.60,0.2,0.6,2463,fixed,0.23,0.17572197748409202,0.8671497584541062,359.0,1684.0,55.0,1212.0,0.13285024154589373,0.5814917127071824,0.824278022515908
band_0.20_0.60,0.2,0.6,2463,fixed,0.25,0.17731550272412086,0.8647342995169082,358.0,1661.0,56.0,1235.0,0.13526570048309178,0.573549723756906,0.8226844972758791
band_0.20_0.60,0.2,0.6,2463,fixed,0.28,0.17855336368234698,0.8526570048309179,353.0,1624.0000000000002,61.0,1271.9999999999998,0.1473429951690821,0.5607734806629835,0.821446636317653
band_0.20_0.60,0.2,0.6,2463,fixed,0.3,0.1791044776119403,0.8405797101449275,348.0,1595.0000000000002,66.0,1300.9999999999998,0.15942028985507245,0.5507596685082874,0.8208955223880597
band_0.20_0.60,0.2,0.6,2463,fixed,0.32,0.17806788511749347,0.8236714975845411,341.0,1574.0000000000002,73.0,1321.9999999999998,0.17632850241545894,0.5435082872928177,0.8219321148825065
band_0.20_0.60,0.2,0.6,2463,fixed,0.35,0.1799140708915145,0.8091787439613527,335.0,1526.9999999999998,79.0,1369.0000000000002,0.19082125603864733,0.5272790055248618,0.8200859291084854
band_0.20_0.60,0.2,0.6,2463,fixed,0.38,0.18201997780244172,0.7922705314009661,328.0,1474.0000000000002,86.0,1421.9999999999998,0.20772946859903382,0.5089779005524863,0.8179800221975583
band_0.20_0.60,0.2,0.6,2463,fixed,0.4,0.18370786516853932,0.7898550724637681,327.0,1453.0,87.0,1443.0,0.21014492753623187,0.5017265193370166,0.8162921348314607
band_0.20_0.60,0.2,0.6,2463,fixed,0.42,0.18369690011481057,0.7729468599033816,320.0,1422.0,94.0,1474.0,0.22705314009661837,0.4910220994475138,0.8163030998851895
band_0.20_0.60,0.2,0.6,2463,fixed,0.45,0.18612922347362182,0.7584541062801933,314.0,1373.0,100.0,1523.0,0.24154589371980675,0.4741022099447514,0.8138707765263782
band_0.20_0.60,0.2,0.6,2463,fixed,0.48,0.1816467630421119,0.6980676328502415,289.0,1301.9999999999998,125.0,1594.0000000000002,0.30193236714975846,0.44958563535911594,0.8183532369578881
band_0.20_0.60,0.2,0.6,2463,fixed,0.5,0.18695941450432468,0.678743961352657,281.0,1222.0,133.0,1674.0,0.321256038647343,0.4219613259668508,0.8130405854956753
band_0.20_0.70,0.2,0.7,2586,auto95,0.15,0.15298218435321456,0.9541062801932367,395.0,2187.0,19.0,709.0,0.04589371980676329,0.7551795580110497,0.8470178156467855
band_0.20_0.70,0.2,0.7,2586,auto90,0.15,0.15298218435321456,0.9541062801932367,395.0,2187.0,19.0,709.0,0.04589371980676329,0.7551795580110497,0.8470178156467855
band_0.20_0.70,0.2,0.7,2586,fixed,0.05,0.13452768729641693,0.9975845410628019,413.0,2657.0,1.0,239.0,0.0024154589371980675,0.9174723756906077,0.865472312703583
band_0.20_0.70,0.2,0.7,2586,fixed,0.08,0.13821138211382114,0.9855072463768116,408.0,2544.0,6.0,352.0,0.014492753623188406,0.8784530386740331,0.8617886178861789
band_0.20_0.70,0.2,0.7,2586,fixed,0.1,0.13993765154139245,0.9758454106280193,404.0,2482.9999999999995,10.0,413.00000000000045,0.024154589371980676,0.8573895027624308,0.8600623484586075
band_0.20_0.70,0.2,0.7,2586,fixed,0.12,0.14326750448833034,0.9637681159420289,399.0,2386.0,15.0,510.0,0.036231884057971016,0.8238950276243094,0.8567324955116696
band_0.20_0.70,0.2,0.7,2586,fixed,0.15,0.15298218435321456,0.9541062801932367,395.0,2187.0,19.0,709.0,0.04589371980676329,0.7551795580110497,0.8470178156467855
band_0.20_0.70,0.2,0.7,2586,fixed,0.18,0.16500217108119844,0.9178743961352657,380.0,1923.0,34.0,973.0,0.0821256038647343,0.6640193370165746,0.8349978289188016
band_0.20_0.70,0.2,0.7,2586,fixed,0.2,0.17486860965121834,0.8840579710144928,366.0,1727.0,48.0,1169.0,0.11594202898550725,0.5963397790055248,0.8251313903487817
band_0.20_0.70,0.2,0.7,2586,fixed,0.23,0.17572197748409202,0.8671497584541062,359.0,1684.0,55.0,1212.0,0.13285024154589373,0.5814917127071824,0.824278022515908
band_0.20_0.70,0.2,0.7,2586,fixed,0.25,0.17731550272412086,0.8647342995169082,358.0,1661.0,56.0,1235.0,0.13526570048309178,0.573549723756906,0.8226844972758791
band_0.20_0.70,0.2,0.7,2586,fixed,0.28,0.17855336368234698,0.8526570048309179,353.0,1624.0000000000002,61.0,1271.9999999999998,0.1473429951690821,0.5607734806629835,0.821446636317653
band_0.20_0.70,0.2,0.7,2586,fixed,0.3,0.1791044776119403,0.8405797101449275,348.0,1595.0000000000002,66.0,1300.9999999999998,0.15942028985507245,0.5507596685082874,0.8208955223880597
band_0.20_0.70,0.2,0.7,2586,fixed,0.32,0.17806788511749347,0.8236714975845411,341.0,1574.0000000000002,73.0,1321.9999999999998,0.17632850241545894,0.5435082872928177,0.8219321148825065
band_0.20_0.70,0.2,0.7,2586,fixed,0.35,0.1800107469102633,0.8091787439613527,335.0,1525.9999999999998,79.0,1370.0000000000002,0.19082125603864733,0.5269337016574585,0.8199892530897367
band_0.20_0.70,0.2,0.7,2586,fixed,0.38,0.18212104386451972,0.7922705314009661,328.0,1473.0,86.0,1423.0,0.20772946859903382,0.5086325966850829,0.8178789561354802
band_0.20_0.70,0.2,0.7,2586,fixed,0.4,0.18381112984822934,0.7898550724637681,327.0,1452.0,87.0,1444.0,0.21014492753623187,0.5013812154696132,0.8161888701517707
band_0.20_0.70,0.2,0.7,2586,fixed,0.42,0.18380241240666284,0.7729468599033816,320.0,1421.0,94.0,1475.0,0.22705314009661837,0.4906767955801105,0.8161975875933372
band_0.20_0.70,0.2,0.7,2586,fixed,0.45,0.18575667655786351,0.7560386473429952,313.0,1371.9999999999998,101.0,1524.0000000000002,0.24396135265700483,0.473756906077348,0.8142433234421365
band_0.20_0.70,0.2,0.7,2586,fixed,0.48,0.181360201511335,0.6956521739130435,288.0,1300.0,126.0,1596.0,0.30434782608695654,0.4488950276243094,0.818639798488665
band_0.20_0.70,0.2,0.7,2586,fixed,0.5,0.1867911941294196,0.6763285024154589,280.0,1219.0,134.0,1677.0,0.32367149758454106,0.42092541436464087,0.8132088058705804
band_0.20_0.80,0.2,0.8,2594,auto95,0.15,0.15298218435321456,0.9541062801932367,395.0,2187.0,19.0,709.0,0.04589371980676329,0.7551795580110497,0.8470178156467855
band_0.20_0.80,0.2,0.8,2594,auto90,0.15,0.15298218435321456,0.9541062801932367,395.0,2187.0,19.0,709.0,0.04589371980676329,0.7551795580110497,0.8470178156467855
band_0.20_0.80,0.2,0.8,2594,fixed,0.05,0.13452768729641693,0.9975845410628019,413.0,2657.0,1.0,239.0,0.0024154589371980675,0.9174723756906077,0.865472312703583
band_0.20_0.80,0.2,0.8,2594,fixed,0.08,0.13821138211382114,0.9855072463768116,408.0,2544.0,6.0,352.0,0.014492753623188406,0.8784530386740331,0.8617886178861789
band_0.20_0.80,0.2,0.8,2594,fixed,0.1,0.13993765154139245,0.9758454106280193,404.0,2482.9999999999995,10.0,413.00000000000045,0.024154589371980676,0.8573895027624308,0.8600623484586075
band_0.20_0.80,0.2,0.8,2594,fixed,0.12,0.14326750448833034,0.9637681159420289,399.0,2386.0,15.0,510.0,0.036231884057971016,0.8238950276243094,0.8567324955116696
band_0.20_0.80,0.2,0.8,2594,fixed,0.15,0.15298218435321456,0.9541062801932367,395.0,2187.0,19.0,709.0,0.04589371980676329,0.7551795580110497,0.8470178156467855
band_0.20_0.80,0.2,0.8,2594,fixed,0.18,0.16500217108119844,0.9178743961352657,380.0,1923.0,34.0,973.0,0.0821256038647343,0.6640193370165746,0.8349978289188016
band_0.20_0.80,0.2,0.8,2594,fixed,0.2,0.17486860965121834,0.8840579710144928,366.0,1727.0,48.0,1169.0,0.11594202898550725,0.5963397790055248,0.8251313903487817
band_0.20_0.80,0.2,0.8,2594,fixed,0.23,0.17572197748409202,0.8671497584541062,359.0,1684.0,55.0,1212.0,0.13285024154589373,0.5814917127071824,0.824278022515908
band_0.20_0.80,0.2,0.8,2594,fixed,0.25,0.17731550272412086,0.8647342995169082,358.0,1661.0,56.0,1235.0,0.13526570048309178,0.573549723756906,0.8226844972758791
band_0.20_0.80,0.2,0.8,2594,fixed,0.28,0.17855336368234698,0.8526570048309179,353.0,1624.0000000000002,61.0,1271.9999999999998,0.1473429951690821,0.5607734806629835,0.821446636317653
band_0.20_0.80,0.2,0.8,2594,fixed,0.3,0.1791044776119403,0.8405797101449275,348.0,1595.0000000000002,66.0,1300.9999999999998,0.15942028985507245,0.5507596685082874,0.8208955223880597
band_0.20_0.80,0.2,0.8,2594,fixed,0.32,0.17806788511749347,0.8236714975845411,341.0,1574.0000000000002,73.0,1321.9999999999998,0.17632850241545894,0.5435082872928177,0.8219321148825065
band_0.20_0.80,0.2,0.8,2594,fixed,0.35,0.1800107469102633,0.8091787439613527,335.0,1525.9999999999998,79.0,1370.0000000000002,0.19082125603864733,0.5269337016574585,0.8199892530897367
band_0.20_0.80,0.2,0.8,2594,fixed,0.38,0.18212104386451972,0.7922705314009661,328.0,1473.0,86.0,1423.0,0.20772946859903382,0.5086325966850829,0.8178789561354802
band_0.20_0.80,0.2,0.8,2594,fixed,0.4,0.18381112984822934,0.7898550724637681,327.0,1452.0,87.0,1444.0,0.21014492753623187,0.5013812154696132,0.8161888701517707
band_0.20_0.80,0.2,0.8,2594,fixed,0.42,0.18380241240666284,0.7729468599033816,320.0,1421.0,94.0,1475.0,0.22705314009661837,0.4906767955801105,0.8161975875933372
band_0.20_0.80,0.2,0.8,2594,fixed,0.45,0.18575667655786351,0.7560386473429952,313.0,1371.9999999999998,101.0,1524.0000000000002,0.24396135265700483,0.473756906077348,0.8142433234421365
band_0.20_0.80,0.2,0.8,2594,fixed,0.48,0.181360201511335,0.6956521739130435,288.0,1300.0,126.0,1596.0,0.30434782608695654,0.4488950276243094,0.818639798488665
band_0.20_0.80,0.2,0.8,2594,fixed,0.5,0.1867911941294196,0.6763285024154589,280.0,1219.0,134.0,1677.0,0.32367149758454106,0.42092541436464087,0.8132088058705804
band_0.25_0.35,0.25,0.35,511,auto95,0.15,0.13986013986013987,0.966183574879227,400.0,2460.0,14.0,436.0,0.033816425120772944,0.8494475138121547,0.8601398601398601
band_0.25_0.35,0.25,0.35,511,auto90,0.2,0.1556836902800659,0.9130434782608695,378.0,2050.0,36.0,846.0,0.08695652173913043,0.7078729281767956,0.8443163097199341
band_0.25_0.35,0.25,0.35,511,fixed,0.05,0.12838047870686975,0.9975845410628019,413.0,2804.0000000000005,1.0,91.99999999999955,0.0024154589371980675,0.9682320441988952,0.8716195212931303
band_0.25_0.35,0.25,0.35,511,fixed,0.08,0.13039340101522842,0.9927536231884058,411.0,2741.0,3.0,155.0,0.007246376811594203,0.9464779005524862,0.8696065989847716
band_0.25_0.35,0.25,0.35,511,fixed,0.1,0.13151125401929262,0.9879227053140096,409.0,2700.9999999999995,5.0,195.00000000000045,0.012077294685990338,0.9326657458563534,0.8684887459807074
band_0.25_0.35,0.25,0.35,511,fixed,0.12,0.13346547737033365,0.9758454106280193,404.0,2623.0000000000005,10.0,272.99999999999955,0.024154589371980676,0.9057320441988952,0.8665345226296663
band_0.25_0.35,0.25,0.35,511,fixed,0.15,0.13986013986013987,0.966183574879227,400.0,2460.0,14.0,436.0,0.033816425120772944,0.8494475138121547,0.8601398601398601
band_0.25_0.35,0.25,0.35,511,fixed,0.18,0.14841663487218618,0.9396135265700483,389.0,2232.0000000000005,25.0,663.9999999999995,0.06038647342995169,0.7707182320441991,0.8515833651278139
band_0.25_0.35,0.25,0.35,511,fixed,0.2,0.1556836902800659,0.9130434782608695,378.0,2050.0,36.0,846.0,0.08695652173913043,0.7078729281767956,0.8443163097199341
band_0.25_0.35,0.25,0.35,511,fixed,0.23,0.1690399632521819,0.8888888888888888,368.0,1809.0,46.0,1087.0,0.1111111111111111,0.6246546961325967,0.830960036747818
band_0.25_0.35,0.25,0.35,511,fixed,0.25,0.17710902812037493,0.8671497584541062,359.0,1668.0000000000002,55.0,1227.9999999999998,0.13285024154589373,0.5759668508287293,0.8228909718796251
band_0.25_0.35,0.25,0.35,511,fixed,0.28,0.17720258835241415,0.8599033816425121,356.0,1653.0,58.0,1243.0,0.14009661835748793,0.5707872928176796,0.8227974116475858
band_0.25_0.35,0.25,0.35,511,fixed,0.3,0.17794486215538846,0.857487922705314,355.0,1640.0,59.0,1256.0,0.14251207729468598,0.5662983425414365,0.8220551378446115
band_0.25_0.35,0.25,0.35,511,fixed,0.32,0.17732997481108312,0.8502415458937198,352.0,1632.9999999999998,62.0,1263.0000000000002,0.1497584541062802,0.5638812154696132,0.8226700251889169
band_0.25_0.35,0.25,0.35,511,fixed,0.35,0.17940876656472987,0.8502415458937198,352.0,1610.0,62.0,1286.0,0.1497584541062802,0.555939226519337,0.8205912334352701
band_0.25_0.35,0.25,0.35,511,fixed,0.38,0.18110236220472442,0.7777777777777778,322.0,1456.0,92.0,1440.0,0.2222222222222222,0.5027624309392266,0.8188976377952756
band_0.25_0.35,0.25,0.35,511,fixed,0.4,0.18208778173190984,0.7415458937198067,307.0,1379.0,107.0,1517.0,0.2584541062801932,0.4761740331491713,0.8179122182680901
band_0.25_0.35,0.25,0.35,511,fixed,0.42,0.18199112238427395,0.6932367149758454,287.0,1290.0,127.0,1606.0,0.30676328502415456,0.44544198895027626,0.818008877615726
band_0.25_0.35,0.25,0.35,511,fixed,0.45,0.18984547461368653,0.6231884057971014,258.0,1101.0,156.0,1795.0,0.37681159420289856,0.38017955801104975,0.8101545253863135
band_0.25_0.35,0.25,0.35,511,fixed,0.48,0.1975736568457539,0.5507246376811594,228.0,926.0,186.0,1970.0,0.4492753623188406,0.3197513812154696,0.8024263431542461
band_0.25_0.35,0.25,0.35,511,fixed,0.5,0.20556107249255212,0.5,207.0,800.0000000000001,207.0,2096.0,0.5,0.27624309392265195,0.7944389275074479
band_0.25_0.40,0.25,0.4,752,auto95,0.15,0.14114326040931546,0.966183574879227,400.0,2434.0,14.0,462.0,0.033816425120772944,0.8404696132596685,0.8588567395906845
band_0.25_0.40,0.25,0.4,752,auto90,0.2,0.15683814303638646,0.9057971014492754,375.0,2016.0,39.0,880.0,0.09420289855072464,0.6961325966850829,0.8431618569636136
band_0.25_0.40,0.25,0.4,752,fixed,0.05,0.12870052976004986,0.9975845410628019,413.0,2796.0,1.0,100.0,0.0024154589371980675,0.9654696132596685,0.8712994702399501
band_0.25_0.40,0.25,0.4,752,fixed,0.08,0.13097514340344169,0.9927536231884058,411.0,2727.0,3.0,169.0,0.007246376811594203,0.9416436464088398,0.8690248565965584
band_0.25_0.40,0.25,0.4,752,fixed,0.1,0.13210594315245477,0.9879227053140096,409.0,2687.0000000000005,5.0,208.99999999999955,0.012077294685990338,0.9278314917127073,0.8678940568475453
band_0.25_0.40,0.25,0.4,752,fixed,0.12,0.13421926910299004,0.9758454106280193,404.0,2606.0,10.0,290.0,0.024154589371980676,0.8998618784530387,0.86578073089701
band_0.25_0.40,0.25,0.4,752,fixed,0.15,0.14114326040931546,0.966183574879227,400.0,2434.0,14.0,462.0,0.033816425120772944,0.8404696132596685,0.8588567395906845
band_0.25_0.40,0.25,0.4,752,fixed,0.18,0.14969135802469136,0.9371980676328503,388.0,2204.0,26.0,692.0,0.06280193236714976,0.761049723756906,0.8503086419753086
band_0.25_0.40,0.25,0.4,752,fixed,0.2,0.15683814303638646,0.9057971014492754,375.0,2016.0,39.0,880.0,0.09420289855072464,0.6961325966850829,0.8431618569636136
band_0.25_0.40,0.25,0.4,752,fixed,0.23,0.170182841068917,0.8768115942028986,363.0,1770.0000000000002,51.0,1125.9999999999998,0.12318840579710146,0.6111878453038675,0.829817158931083
band_0.25_0.40,0.25,0.4,752,fixed,0.25,0.1787878787878788,0.855072463768116,354.0,1625.9999999999998,60.0,1270.0000000000002,0.14492753623188406,0.5614640883977899,0.8212121212121212
band_0.25_0.40,0.25,0.4,752,fixed,0.28,0.17884517118037813,0.8454106280193237,350.0,1607.0,64.0,1289.0,0.15458937198067632,0.5549033149171271,0.8211548288196219
band_0.25_0.40,0.25,0.4,752,fixed,0.3,0.17947395564724083,0.8405797101449275,348.0,1590.9999999999998,66.0,1305.0000000000002,0.15942028985507245,0.5493784530386739,0.8205260443527591
band_0.25_0.40,0.25,0.4,752,fixed,0.32,0.17784711388455537,0.8260869565217391,342.0,1581.0,72.0,1315.0,0.17391304347826086,0.5459254143646409,0.8221528861154446
band_0.25_0.40,0.25,0.4,752,fixed,0.35,0.18013734812466983,0.8236714975845411,341.0,1552.0,73.0,1344.0,0.17632850241545894,0.5359116022099447,0.8198626518753301
band_0.25_0.40,0.25,0.4,752,fixed,0.38,0.17995689655172414,0.8067632850241546,334.0,1522.0,80.0,1374.0,0.1932367149758454,0.5255524861878453,0.8200431034482758
band_0.25_0.40,0.25,0.4,752,fixed,0.4,0.18078175895765472,0.8043478260869565,333.0,1509.0000000000002,81.0,1386.9999999999998,0.1956521739130435,0.5210635359116023,0.8192182410423453
band_0.25_0.40,0.25,0.4,752,fixed,0.42,0.1808695652173913,0.7536231884057971,312.0,1413.0,102.0,1483.0,0.2463768115942029,0.487914364640884,0.8191304347826087
band_0.25_0.40,0.25,0.4,752,fixed,0.45,0.18841544607190414,0.6835748792270532,283.0,1219.0,131.0,1677.0,0.3164251207729469,0.42092541436464087,0.8115845539280959
band_0.25_0.40,0.25,0.4,752,fixed,0.48,0.19517884914463451,0.606280193236715,251.0,1035.0000000000002,163.0,1860.9999999999998,0.39371980676328505,0.35738950276243103,0.8048211508553655
band_0.25_0.40,0.25,0.4,752,fixed,0.5,0.20247568523430592,0.5531400966183575,229.0,902.0,185.0,1994.0,0.4468599033816425,0.31146408839779005,0.7975243147656941
band_0.25_0.45,0.25,0.45,1045,auto95,0.15,0.14118481731110322,0.961352657004831,398.0,2421.0000000000005,16.0,474.99999999999955,0.03864734299516908,0.8359806629834255,0.8588151826888968
band_0.25_0.45,0.25,0.45,1045,auto90,0.15,0.14118481731110322,0.961352657004831,398.0,2421.0000000000005,16.0,474.99999999999955,0.03864734299516908,0.8359806629834255,0.8588151826888968
band_0.25_0.45,0.25,0.45,1045,fixed,0.05,0.12878079201746181,0.9975845410628019,413.0,2793.9999999999995,1.0,102.00000000000045,0.0024154589371980675,0.9647790055248617,0.8712192079825382
band_0.25_0.45,0.25,0.45,1045,fixed,0.08,0.1310322786832854,0.9903381642512077,410.0,2718.9999999999995,4.0,177.00000000000045,0.00966183574879227,0.9388812154696131,0.8689677213167146
band_0.25_0.45,0.25,0.45,1045,fixed,0.1,0.1319286871961102,0.9830917874396136,407.0,2678.0000000000005,7.0,217.99999999999955,0.016908212560386472,0.9247237569060776,0.8680713128038898
band_0.25_0.45,0.25,0.45,1045,fixed,0.12,0.1341789052069426,0.9710144927536232,402.0,2593.9999999999995,12.0,302.00000000000045,0.028985507246376812,0.8957182320441988,0.8658210947930574
band_0.25_0.45,0.25,0.45,1045,fixed,0.15,0.14118481731110322,0.961352657004831,398.0,2421.0000000000005,16.0,474.99999999999955,0.03864734299516908,0.8359806629834255,0.8588151826888968
band_0.25_0.45,0.25,0.45,1045,fixed,0.18,0.1504286827747467,0.9323671497584541,386.0,2179.9999999999995,28.0,716.0000000000005,0.06763285024154589,0.7527624309392263,0.8495713172252533
band_0.25_0.45,0.25,0.45,1045,fixed,0.2,0.15736040609137056,0.8985507246376812,372.0,1991.9999999999998,42.0,904.0000000000002,0.10144927536231885,0.6878453038674033,0.8426395939086294
band_0.25_0.45,0.25,0.45,1045,fixed,0.23,0.17134697762970014,0.8695652173913043,360.0,1741.0000000000002,54.0,1154.9999999999998,0.13043478260869565,0.6011740331491714,0.8286530223702999
band_0.25_0.45,0.25,0.45,1045,fixed,0.25,0.18046272493573265,0.8478260869565217,351.0,1593.9999999999998,63.0,1302.0000000000002,0.15217391304347827,0.5504143646408839,0.8195372750642673
band_0.25_0.45,0.25,0.45,1045,fixed,0.28,0.1812957157784744,0.8381642512077294,347.0,1567.0,67.0,1329.0,0.16183574879227053,0.5410911602209945,0.8187042842215256
band_0.25_0.45,0.25,0.45,1045,fixed,0.3,0.18215417106652587,0.8333333333333334,345.0,1549.0,69.0,1347.0,0.16666666666666666,0.5348756906077348,0.8178458289334741
band_0.25_0.45,0.25,0.45,1045,fixed,0.32,0.1808,0.8188405797101449,339.0,1536.0,75.0,1360.0,0.18115942028985507,0.5303867403314917,0.8192
band_0.25_0.45,0.25,0.45,1045,fixed,0.35,0.18246187363834424,0.8091787439613527,335.0,1501.0,79.0,1395.0,0.19082125603864733,0.5183011049723757,0.8175381263616558
band_0.25_0.45,0.25,0.45,1045,fixed,0.38,0.18303571428571427,0.7922705314009661,328.0,1464.0000000000002,86.0,1431.9999999999998,0.20772946859903382,0.5055248618784531,0.8169642857142857
band_0.25_0.45,0.25,0.45,1045,fixed,0.4,0.18422535211267604,0.7898550724637681,327.0,1448.0000000000002,87.0,1447.9999999999998,0.21014492753623187,0.5000000000000001,0.815774647887324
band_0.25_0.45,0.25,0.45,1045,fixed,0.42,0.1835334476843911,0.7753623188405797,321.0,1428.0,93.0,1468.0,0.2246376811594203,0.4930939226519337,0.8164665523156089
band_0.25_0.45,0.25,0.45,1045,fixed,0.45,0.18440954043048283,0.7657004830917874,317.0,1402.0,97.0,1494.0,0.23429951690821257,0.48411602209944754,0.8155904595695171
band_0.25_0.45,0.25,0.45,1045,fixed,0.48,0.18867924528301888,0.6763285024154589,280.0,1204.0,134.0,1692.0,0.32367149758454106,0.4157458563535912,0.8113207547169812
band_0.25_0.45,0.25,0.45,1045,fixed,0.5,0.19440242057488655,0.6207729468599034,257.0,1065.0,157.0,1831.0,0.37922705314009664,0.3677486187845304,0.8055975794251135
band_0.25_0.50,0.25,0.5,1358,auto95,0.15,0.1414859580519019,0.961352657004831,398.0,2415.0,16.0,481.0,0.03864734299516908,0.8339088397790055,0.8585140419480981
band_0.25_0.50,0.25,0.5,1358,auto90,0.15,0.1414859580519019,0.961352657004831,398.0,2415.0,16.0,481.0,0.03864734299516908,0.8339088397790055,0.8585140419480981
band_0.25_0.50,0.25,0.5,1358,fixed,0.05,0.12886115444617785,0.9975845410628019,413.0,2792.0,1.0,104.0,0.0024154589371980675,0.9640883977900553,0.8711388455538221
band_0.25_0.50,0.25,0.5,1358,fixed,0.08,0.13115802943058222,0.9903381642512077,410.0,2716.0,4.0,180.0,0.00966183574879227,0.9378453038674033,0.8688419705694178
band_0.25_0.50,0.25,0.5,1358,fixed,0.1,0.13209996754300551,0.9830917874396136,407.0,2674.0000000000005,7.0,221.99999999999955,0.016908212560386472,0.9233425414364642,0.8679000324569945
band_0.25_0.50,0.25,0.5,1358,fixed,0.12,0.13435828877005349,0.9710144927536232,402.0,2590.0,12.0,306.0,0.028985507246376812,0.8943370165745856,0.8656417112299465
band_0.25_0.50,0.25,0.5,1358,fixed,0.15,0.1414859580519019,0.961352657004831,398.0,2415.0,16.0,481.0,0.03864734299516908,0.8339088397790055,0.8585140419480981
band_0.25_0.50,0.25,0.5,1358,fixed,0.18,0.15035238841033674,0.927536231884058,384.0,2169.9999999999995,30.0,726.0000000000005,0.07246376811594203,0.7493093922651932,0.8496476115896633
band_0.25_0.50,0.25,0.5,1358,fixed,0.2,0.15731292517006804,0.893719806763285,370.0,1981.9999999999998,44.0,914.0000000000002,0.10628019323671498,0.68439226519337,0.842687074829932
band_0.25_0.50,0.25,0.5,1358,fixed,0.23,0.1716203259827421,0.8647342995169082,358.0,1727.9999999999998,56.0,1168.0000000000002,0.13526570048309178,0.5966850828729281,0.8283796740172579
band_0.25_0.50,0.25,0.5,1358,fixed,0.25,0.18101659751037344,0.8429951690821256,349.0,1579.0000000000002,65.0,1316.9999999999998,0.1570048309178744,0.5452348066298344,0.8189834024896265
band_0.25_0.50,0.25,0.5,1358,fixed,0.28,0.1819620253164557,0.8333333333333334,345.0,1551.0,69.0,1345.0,0.16666666666666666,0.5355662983425414,0.8180379746835443
band_0.25_0.50,0.25,0.5,1358,fixed,0.3,0.18196371398078975,0.8236714975845411,341.0,1533.0,73.0,1363.0,0.17632850241545894,0.5293508287292817,0.8180362860192103
band_0.25_0.50,0.25,0.5,1358,fixed,0.32,0.1809832522960562,0.8091787439613527,335.0,1516.0,79.0,1380.0,0.19082125603864733,0.5234806629834254,0.8190167477039438
band_0.25_0.50,0.25,0.5,1358,fixed,0.35,0.1824212271973466,0.7971014492753623,330.0,1478.9999999999998,84.0,1417.0000000000002,0.2028985507246377,0.5107044198895027,0.8175787728026533
band_0.25_0.50,0.25,0.5,1358,fixed,0.38,0.18352272727272728,0.7801932367149759,323.0,1437.0,91.0,1459.0,0.21980676328502416,0.49620165745856354,0.8164772727272727
band_0.25_0.50,0.25,0.5,1358,fixed,0.4,0.18495117748420448,0.7777777777777778,322.0,1419.0,92.0,1477.0,0.2222222222222222,0.48998618784530384,0.8150488225157955
band_0.25_0.50,0.25,0.5,1358,fixed,0.42,0.18388791593695272,0.7608695652173914,315.0,1397.9999999999998,99.0,1498.0000000000002,0.2391304347826087,0.4827348066298342,0.8161120840630472
band_0.25_0.50,0.25,0.5,1358,fixed,0.45,0.18556085918854415,0.751207729468599,311.0,1365.0,103.0,1531.0,0.24879227053140096,0.4713397790055249,0.8144391408114559
band_0.25_0.50,0.25,0.5,1358,fixed,0.48,0.18294959551960174,0.7101449275362319,294.0,1313.0,120.0,1583.0,0.2898550724637681,0.45338397790055246,0.8170504044803982
band_0.25_0.50,0.25,0.5,1358,fixed,0.5,0.1860166773572803,0.7004830917874396,290.0,1269.0,124.0,1627.0,0.2995169082125604,0.4381906077348066,0.8139833226427197
band_0.25_0.55,0.25,0.55,1790,auto95,0.15,0.1415866239772323,0.961352657004831,398.0,2413.0000000000005,16.0,482.99999999999955,0.03864734299516908,0.8332182320441991,0.8584133760227677
band_0.25_0.55,0.25,0.55,1790,auto90,0.15,0.1415866239772323,0.961352657004831,398.0,2413.0000000000005,16.0,482.99999999999955,0.03864734299516908,0.8332182320441991,0.8584133760227677
band_0.25_0.55,0.25,0.55,1790,fixed,0.05,0.12886115444617785,0.9975845410628019,413.0,2792.0,1.0,104.0,0.0024154589371980675,0.9640883977900553,0.8711388455538221
band_0.25_0.55,0.25,0.55,1790,fixed,0.08,0.13115802943058222,0.9903381642512077,410.0,2716.0,4.0,180.0,0.00966183574879227,0.9378453038674033,0.8688419705694178
band_0.25_0.55,0.25,0.55,1790,fixed,0.1,0.13214285714285715,0.9830917874396136,407.0,2673.0,7.0,223.0,0.016908212560386472,0.9229972375690608,0.8678571428571429
band_0.25_0.55,0.25,0.55,1790,fixed,0.12,0.13440320962888666,0.9710144927536232,402.0,2589.0,12.0,307.0,0.028985507246376812,0.8939917127071824,0.8655967903711134
band_0.25_0.55,0.25,0.55,1790,fixed,0.15,0.1415866239772323,0.961352657004831,398.0,2413.0000000000005,16.0,482.99999999999955,0.03864734299516908,0.8332182320441991,0.8584133760227677
band_0.25_0.55,0.25,0.55,1790,fixed,0.18,0.15047021943573669,0.927536231884058,384.0,2167.9999999999995,30.0,728.0000000000005,0.07246376811594203,0.7486187845303865,0.8495297805642633
band_0.25_0.55,0.25,0.55,1790,fixed,0.2,0.15751383567475521,0.893719806763285,370.0,1979.0000000000002,44.0,916.9999999999998,0.10628019323671498,0.6833563535911603,0.8424861643252448
band_0.25_0.55,0.25,0.55,1790,fixed,0.23,0.17115384615384616,0.8599033816425121,356.0,1723.9999999999998,58.0,1172.0000000000002,0.14009661835748793,0.5953038674033149,0.8288461538461538
band_0.25_0.55,0.25,0.55,1790,fixed,0.25,0.1805411030176899,0.8381642512077294,347.0,1574.9999999999998,67.0,1321.0000000000002,0.16183574879227053,0.5438535911602209,0.8194588969823101
band_0.25_0.55,0.25,0.55,1790,fixed,0.28,0.1814814814814815,0.8285024154589372,343.0,1547.0,71.0,1349.0,0.17149758454106281,0.5341850828729282,0.8185185185185185
band_0.25_0.55,0.25,0.55,1790,fixed,0.3,0.18167202572347266,0.8188405797101449,339.0,1527.0000000000002,75.0,1368.9999999999998,0.18115942028985507,0.527279005524862,0.8183279742765274
band_0.25_0.55,0.25,0.55,1790,fixed,0.32,0.1806836679327184,0.8043478260869565,333.0,1510.0000000000002,81.0,1385.9999999999998,0.1956521739130435,0.5214088397790057,0.8193163320672816
band_0.25_0.55,0.25,0.55,1790,fixed,0.35,0.18176764869371873,0.7898550724637681,327.0,1472.0000000000002,87.0,1423.9999999999998,0.21014492753623187,0.5082872928176796,0.8182323513062812
band_0.25_0.55,0.25,0.55,1790,fixed,0.38,0.18327605956471935,0.7729468599033816,320.0,1426.0,94.0,1470.0,0.22705314009661837,0.4924033149171271,0.8167239404352806
band_0.25_0.55,0.25,0.55,1790,fixed,0.4,0.18492753623188407,0.7705314009661836,319.0,1406.0,95.0,1490.0,0.22946859903381642,0.48549723756906077,0.8150724637681159
band_0.25_0.55,0.25,0.55,1790,fixed,0.42,0.18450620934358367,0.7536231884057971,312.0,1379.0000000000002,102.0,1516.9999999999998,0.2463768115942029,0.47617403314917134,0.8154937906564164
band_0.25_0.55,0.25,0.55,1790,fixed,0.45,0.18617343844754397,0.7415458937198067,307.0,1342.0,107.0,1554.0,0.2584541062801932,0.4633977900552486,0.813826561552456
band_0.25_0.55,0.25,0.55,1790,fixed,0.48,0.18210862619808307,0.6884057971014492,285.0,1279.9999999999998,129.0,1616.0000000000002,0.3115942028985507,0.441988950276243,0.8178913738019169
band_0.25_0.55,0.25,0.55,1790,fixed,0.5,0.18691588785046728,0.6763285024154589,280.0,1218.0,134.0,1678.0,0.32367149758454106,0.4205801104972376,0.8130841121495327
band_0.25_0.60,0.25,0.6,2089,auto95,0.15,0.14173789173789172,0.961352657004831,398.0,2410.0000000000005,16.0,485.99999999999955,0.03864734299516908,0.8321823204419891,0.8582621082621082
band_0.25_0.60,0.25,0.6,2089,auto90,0.15,0.14173789173789172,0.961352657004831,398.0,2410.0000000000005,16.0,485.99999999999955,0.03864734299516908,0.8321823204419891,0.8582621082621082
band_0.25_0.60,0.25,0.6,2089,fixed,0.05,0.12886115444617785,0.9975845410628019,413.0,2792.0,1.0,104.0,0.0024154589371980675,0.9640883977900553,0.8711388455538221
band_0.25_0.60,0.25,0.6,2089,fixed,0.08,0.13124199743918052,0.9903381642512077,410.0,2714.0000000000005,4.0,181.99999999999955,0.00966183574879227,0.9371546961325968,0.8687580025608195
band_0.25_0.60,0.25,0.6,2089,fixed,0.1,0.13227169320766982,0.9830917874396136,407.0,2669.9999999999995,7.0,226.00000000000045,0.016908212560386472,0.9219613259668507,0.8677283067923302
band_0.25_0.60,0.25,0.6,2089,fixed,0.12,0.13453815261044177,0.9710144927536232,402.0,2586.0,12.0,310.0,0.028985507246376812,0.8929558011049724,0.8654618473895582
band_0.25_0.60,0.25,0.6,2089,fixed,0.15,0.14173789173789172,0.961352657004831,398.0,2410.0000000000005,16.0,485.99999999999955,0.03864734299516908,0.8321823204419891,0.8582621082621082
band_0.25_0.60,0.25,0.6,2089,fixed,0.18,0.15064731267163595,0.927536231884058,384.0,2165.0,30.0,731.0,0.07246376811594203,0.7475828729281768,0.8493526873283641
band_0.25_0.60,0.25,0.6,2089,fixed,0.2,0.15778251599147122,0.893719806763285,370.0,1975.0000000000002,44.0,920.9999999999998,0.10628019323671498,0.6819751381215471,0.8422174840085288
band_0.25_0.60,0.25,0.6,2089,fixed,0.23,0.17148362235067438,0.8599033816425121,356.0,1719.9999999999998,58.0,1176.0000000000002,0.14009661835748793,0.5939226519337015,0.8285163776493256
band_0.25_0.60,0.25,0.6,2089,fixed,0.25,0.18091762252346194,0.8381642512077294,347.0,1571.0000000000002,67.0,1324.9999999999998,0.16183574879227053,0.5424723756906078,0.8190823774765381
band_0.25_0.60,0.25,0.6,2089,fixed,0.28,0.1818663838812301,0.8285024154589372,343.0,1543.0000000000002,71.0,1352.9999999999998,0.17149758454106281,0.532803867403315,0.8181336161187699
band_0.25_0.60,0.25,0.6,2089,fixed,0.3,0.18216012896292316,0.8188405797101449,339.0,1522.0,75.0,1374.0,0.18115942028985507,0.5255524861878453,0.8178398710370769
band_0.25_0.60,0.25,0.6,2089,fixed,0.32,0.18117519042437433,0.8043478260869565,333.0,1504.9999999999998,81.0,1391.0000000000002,0.1956521739130435,0.5196823204419889,0.8188248095756256
band_0.25_0.60,0.25,0.6,2089,fixed,0.35,0.18237590630228667,0.7898550724637681,327.0,1466.0,87.0,1430.0,0.21014492753623187,0.5062154696132597,0.8176240936977133
band_0.25_0.60,0.25,0.6,2089,fixed,0.38,0.18411967779056387,0.7729468599033816,320.0,1418.0,94.0,1478.0,0.22705314009661837,0.48964088397790057,0.8158803222094362
band_0.25_0.60,0.25,0.6,2089,fixed,0.4,0.18578916715200933,0.7705314009661836,319.0,1397.9999999999998,95.0,1498.0000000000002,0.22946859903381642,0.4827348066298342,0.8142108328479907
band_0.25_0.60,0.25,0.6,2089,fixed,0.42,0.18538324420677363,0.7536231884057971,312.0,1371.0,102.0,1525.0,0.2463768115942029,0.47341160220994477,0.8146167557932263
band_0.25_0.60,0.25,0.6,2089,fixed,0.45,0.18742368742368742,0.7415458937198067,307.0,1331.0,107.0,1565.0,0.2584541062801932,0.45959944751381215,0.8125763125763126
band_0.25_0.60,0.25,0.6,2089,fixed,0.48,0.1831076724693746,0.6859903381642513,284.0,1267.0,130.0,1629.0,0.3140096618357488,0.4375,0.8168923275306255
band_0.25_0.60,0.25,0.6,2089,fixed,0.5,0.18924438393464943,0.6714975845410628,278.0,1191.0,136.0,1705.0,0.3285024154589372,0.41125690607734805,0.8107556160653506
band_0.25_0.70,0.25,0.7,2212,auto95,0.15,0.14173789173789172,0.961352657004831,398.0,2410.0000000000005,16.0,485.99999999999955,0.03864734299516908,0.8321823204419891,0.8582621082621082
band_0.25_0.70,0.25,0.7,2212,auto90,0.15,0.14173789173789172,0.961352657004831,398.0,2410.0000000000005,16.0,485.99999999999955,0.03864734299516908,0.8321823204419891,0.8582621082621082
band_0.25_0.70,0.25,0.7,2212,fixed,0.05,0.12886115444617785,0.9975845410628019,413.0,2792.0,1.0,104.0,0.0024154589371980675,0.9640883977900553,0.8711388455538221
band_0.25_0.70,0.25,0.7,2212,fixed,0.08,0.13124199743918052,0.9903381642512077,410.0,2714.0000000000005,4.0,181.99999999999955,0.00966183574879227,0.9371546961325968,0.8687580025608195
band_0.25_0.70,0.25,0.7,2212,fixed,0.1,0.13227169320766982,0.9830917874396136,407.0,2669.9999999999995,7.0,226.00000000000045,0.016908212560386472,0.9219613259668507,0.8677283067923302
band_0.25_0.70,0.25,0.7,2212,fixed,0.12,0.13453815261044177,0.9710144927536232,402.0,2586.0,12.0,310.0,0.028985507246376812,0.8929558011049724,0.8654618473895582
band_0.25_0.70,0.25,0.7,2212,fixed,0.15,0.14173789173789172,0.961352657004831,398.0,2410.0000000000005,16.0,485.99999999999955,0.03864734299516908,0.8321823204419891,0.8582621082621082
band_0.25_0.70,0.25,0.7,2212,fixed,0.18,0.15064731267163595,0.927536231884058,384.0,2165.0,30.0,731.0,0.07246376811594203,0.7475828729281768,0.8493526873283641
band_0.25_0.70,0.25,0.7,2212,fixed,0.2,0.15778251599147122,0.893719806763285,370.0,1975.0000000000002,44.0,920.9999999999998,0.10628019323671498,0.6819751381215471,0.8422174840085288
band_0.25_0.70,0.25,0.7,2212,fixed,0.23,0.17148362235067438,0.8599033816425121,356.0,1719.9999999999998,58.0,1176.0000000000002,0.14009661835748793,0.5939226519337015,0.8285163776493256
band_0.25_0.70,0.25,0.7,2212,fixed,0.25,0.18091762252346194,0.8381642512077294,347.0,1571.0000000000002,67.0,1324.9999999999998,0.16183574879227053,0.5424723756906078,0.8190823774765381
band_0.25_0.70,0.25,0.7,2212,fixed,0.28,0.1818663838812301,0.8285024154589372,343.0,1543.0000000000002,71.0,1352.9999999999998,0.17149758454106281,0.532803867403315,0.8181336161187699
band_0.25_0.70,0.25,0.7,2212,fixed,0.3,0.18216012896292316,0.8188405797101449,339.0,1522.0,75.0,1374.0,0.18115942028985507,0.5255524861878453,0.8178398710370769
band_0.25_0.70,0.25,0.7,2212,fixed,0.32,0.18117519042437433,0.8043478260869565,333.0,1504.9999999999998,81.0,1391.0000000000002,0.1956521739130435,0.5196823204419889,0.8188248095756256
band_0.25_0.70,0.25,0.7,2212,fixed,0.35,0.18247767857142858,0.7898550724637681,327.0,1464.9999999999998,87.0,1431.0000000000002,0.21014492753623187,0.5058701657458563,0.8175223214285714
band_0.25_0.70,0.25,0.7,2212,fixed,0.38,0.18422567645365573,0.7729468599033816,320.0,1417.0,94.0,1479.0,0.22705314009661837,0.48929558011049723,0.8157743235463443
band_0.25_0.70,0.25,0.7,2212,fixed,0.4,0.1858974358974359,0.7705314009661836,319.0,1397.0,95.0,1499.0,0.22946859903381642,0.4823895027624309,0.8141025641025641
band_0.25_0.70,0.25,0.7,2212,fixed,0.42,0.18549346016646848,0.7536231884057971,312.0,1370.0,102.0,1526.0,0.2463768115942029,0.47306629834254144,0.8145065398335315
band_0.25_0.70,0.25,0.7,2212,fixed,0.45,0.18704156479217604,0.7391304347826086,306.0,1330.0,108.0,1566.0,0.2608695652173913,0.4592541436464088,0.812958435207824
band_0.25_0.70,0.25,0.7,2212,fixed,0.48,0.18281653746770027,0.6835748792270532,283.0,1265.0,131.0,1631.0,0.3164251207729469,0.4368093922651934,0.8171834625322998
band_0.25_0.70,0.25,0.7,2212,fixed,0.5,0.18907849829351536,0.6690821256038647,277.0,1188.0,137.0,1708.0,0.3309178743961353,0.4102209944751381,0.8109215017064846
band_0.25_0.80,0.25,0.8,2220,auto95,0.15,0.14173789173789172,0.961352657004831,398.0,2410.0000000000005,16.0,485.99999999999955,0.03864734299516908,0.8321823204419891,0.8582621082621082
band_0.25_0.80,0.25,0.8,2220,auto90,0.15,0.14173789173789172,0.961352657004831,398.0,2410.0000000000005,16.0,485.99999999999955,0.03864734299516908,0.8321823204419891,0.8582621082621082
band_0.25_0.80,0.25,0.8,2220,fixed,0.05,0.12886115444617785,0.9975845410628019,413.0,2792.0,1.0,104.0,0.0024154589371980675,0.9640883977900553,0.8711388455538221
band_0.25_0.80,0.25,0.8,2220,fixed,0.08,0.13124199743918052,0.9903381642512077,410.0,2714.0000000000005,4.0,181.99999999999955,0.00966183574879227,0.9371546961325968,0.8687580025608195
band_0.25_0.80,0.25,0.8,2220,fixed,0.1,0.13227169320766982,0.9830917874396136,407.0,2669.9999999999995,7.0,226.00000000000045,0.016908212560386472,0.9219613259668507,0.8677283067923302
band_0.25_0.80,0.25,0.8,2220,fixed,0.12,0.13453815261044177,0.9710144927536232,402.0,2586.0,12.0,310.0,0.028985507246376812,0.8929558011049724,0.8654618473895582
band_0.25_0.80,0.25,0.8,2220,fixed,0.15,0.14173789173789172,0.961352657004831,398.0,2410.0000000000005,16.0,485.99999999999955,0.03864734299516908,0.8321823204419891,0.8582621082621082
band_0.25_0.80,0.25,0.8,2220,fixed,0.18,0.15064731267163595,0.927536231884058,384.0,2165.0,30.0,731.0,0.07246376811594203,0.7475828729281768,0.8493526873283641
band_0.25_0.80,0.25,0.8,2220,fixed,0.2,0.15778251599147122,0.893719806763285,370.0,1975.0000000000002,44.0,920.9999999999998,0.10628019323671498,0.6819751381215471,0.8422174840085288
band_0.25_0.80,0.25,0.8,2220,fixed,0.23,0.17148362235067438,0.8599033816425121,356.0,1719.9999999999998,58.0,1176.0000000000002,0.14009661835748793,0.5939226519337015,0.8285163776493256
band_0.25_0.80,0.25,0.8,2220,fixed,0.25,0.18091762252346194,0.8381642512077294,347.0,1571.0000000000002,67.0,1324.9999999999998,0.16183574879227053,0.5424723756906078,0.8190823774765381
band_0.25_0.80,0.25,0.8,2220,fixed,0.28,0.1818663838812301,0.8285024154589372,343.0,1543.0000000000002,71.0,1352.9999999999998,0.17149758454106281,0.532803867403315,0.8181336161187699
band_0.25_0.80,0.25,0.8,2220,fixed,0.3,0.18216012896292316,0.8188405797101449,339.0,1522.0,75.0,1374.0,0.18115942028985507,0.5255524861878453,0.8178398710370769
band_0.25_0.80,0.25,0.8,2220,fixed,0.32,0.18117519042437433,0.8043478260869565,333.0,1504.9999999999998,81.0,1391.0000000000002,0.1956521739130435,0.5196823204419889,0.8188248095756256
band_0.25_0.80,0.25,0.8,2220,fixed,0.35,0.18247767857142858,0.7898550724637681,327.0,1464.9999999999998,87.0,1431.0000000000002,0.21014492753623187,0.5058701657458563,0.8175223214285714
band_0.25_0.80,0.25,0.8,2220,fixed,0.38,0.18422567645365573,0.7729468599033816,320.0,1417.0,94.0,1479.0,0.22705314009661837,0.48929558011049723,0.8157743235463443
band_0.25_0.80,0.25,0.8,2220,fixed,0.4,0.1858974358974359,0.7705314009661836,319.0,1397.0,95.0,1499.0,0.22946859903381642,0.4823895027624309,0.8141025641025641
band_0.25_0.80,0.25,0.8,2220,fixed,0.42,0.18549346016646848,0.7536231884057971,312.0,1370.0,102.0,1526.0,0.2463768115942029,0.47306629834254144,0.8145065398335315
band_0.25_0.80,0.25,0.8,2220,fixed,0.45,0.18704156479217604,0.7391304347826086,306.0,1330.0,108.0,1566.0,0.2608695652173913,0.4592541436464088,0.812958435207824
band_0.25_0.80,0.25,0.8,2220,fixed,0.48,0.18281653746770027,0.6835748792270532,283.0,1265.0,131.0,1631.0,0.3164251207729469,0.4368093922651934,0.8171834625322998
band_0.25_0.80,0.25,0.8,2220,fixed,0.5,0.18907849829351536,0.6690821256038647,277.0,1188.0,137.0,1708.0,0.3309178743961353,0.4102209944751381,0.8109215017064846
band_0.30_0.40,0.3,0.4,476,auto95,0.15,0.1377899045020464,0.9758454106280193,404.0,2527.9999999999995,10.0,368.00000000000045,0.024154589371980676,0.87292817679558,0.8622100954979536
band_0.30_0.40,0.3,0.4,476,auto90,0.2,0.15179282868525895,0.9202898550724637,381.0,2129.0,33.0,767.0,0.07971014492753623,0.7351519337016574,0.848207171314741
band_0.30_0.40,0.3,0.4,476,fixed,0.05,0.12653186274509803,0.9975845410628019,413.0,2851.0000000000005,1.0,44.999999999999545,0.0024154589371980675,0.984461325966851,0.873468137254902
band_0.30_0.40,0.3,0.4,476,fixed,0.08,0.128428927680798,0.9951690821256038,412.0,2796.0000000000005,2.0,99.99999999999955,0.004830917874396135,0.9654696132596686,0.8715710723192021
band_0.30_0.40,0.3,0.4,476,fixed,0.1,0.12961210974456008,0.9927536231884058,411.0,2760.0,3.0,136.0,0.007246376811594203,0.9530386740331491,0.8703878902554399
band_0.30_0.40,0.3,0.4,476,fixed,0.12,0.13154492566257273,0.9830917874396136,407.0,2687.0,7.0,209.0,0.016908212560386472,0.9278314917127072,0.8684550743374273
band_0.30_0.40,0.3,0.4,476,fixed,0.15,0.1377899045020464,0.9758454106280193,404.0,2527.9999999999995,10.0,368.00000000000045,0.024154589371980676,0.87292817679558,0.8622100954979536
band_0.30_0.40,0.3,0.4,476,fixed,0.18,0.1454478164322724,0.9492753623188406,393.0,2309.0000000000005,21.0,586.9999999999995,0.050724637681159424,0.7973066298342543,0.8545521835677277
band_0.30_0.40,0.3,0.4,476,fixed,0.2,0.15179282868525895,0.9202898550724637,381.0,2129.0,33.0,767.0,0.07971014492753623,0.7351519337016574,0.848207171314741
band_0.30_0.40,0.3,0.4,476,fixed,0.23,0.16320212295444494,0.8913043478260869,369.0,1892.0,45.0,1004.0,0.10869565217391304,0.6533149171270718,0.8367978770455551
band_0.30_0.40,0.3,0.4,476,fixed,0.25,0.1705352913311227,0.8695652173913043,360.0,1751.0000000000002,54.0,1144.9999999999998,0.13043478260869565,0.6046270718232045,0.8294647086688773
band_0.30_0.40,0.3,0.4,476,fixed,0.28,0.17831074035453598,0.8260869565217391,342.0,1576.0,72.0,1320.0,0.17391304347826086,0.5441988950276243,0.821689259645464
band_0.30_0.40,0.3,0.4,476,fixed,0.3,0.18322295805739514,0.8019323671497585,332.0,1480.0,82.0,1416.0,0.19806763285024154,0.511049723756906,0.8167770419426048
band_0.30_0.40,0.3,0.4,476,fixed,0.32,0.18166666666666667,0.7898550724637681,327.0,1473.0000000000002,87.0,1422.9999999999998,0.21014492753623187,0.508632596685083,0.8183333333333334
band_0.30_0.40,0.3,0.4,476,fixed,0.35,0.1827354260089686,0.7874396135265701,326.0,1458.0,88.0,1438.0,0.21256038647342995,0.5034530386740331,0.8172645739910314
band_0.30_0.40,0.3,0.4,476,fixed,0.38,0.18140589569160998,0.7729468599033816,320.0,1444.0,94.0,1452.0,0.22705314009661837,0.4986187845303867,0.81859410430839
band_0.30_0.40,0.3,0.4,476,fixed,0.4,0.18166287015945332,0.7705314009661836,319.0,1436.9999999999995,95.0,1459.0000000000005,0.22946859903381642,0.49620165745856337,0.8183371298405466
band_0.30_0.40,0.3,0.4,476,fixed,0.42,0.1818734793187348,0.7222222222222222,299.0,1345.0,115.0,1551.0,0.2777777777777778,0.46443370165745856,0.8181265206812652
band_0.30_0.40,0.3,0.4,476,fixed,0.45,0.1892458100558659,0.6545893719806763,271.0,1161.0,143.0,1735.0,0.34541062801932365,0.4008977900552486,0.8107541899441341
band_0.30_0.40,0.3,0.4,476,fixed,0.48,0.1983673469387755,0.5869565217391305,243.00000000000003,982.0000000000002,170.99999999999997,1913.9999999999998,0.4130434782608695,0.33908839779005534,0.8016326530612246
band_0.30_0.40,0.3,0.4,476,fixed,0.5,0.20500927643784786,0.533816425120773,221.00000000000003,857.0000000000002,192.99999999999997,2038.9999999999998,0.46618357487922696,0.295925414364641,0.7949907235621522
band_0.30_0.45,0.3,0.45,769,auto95,0.15,0.13781282139184092,0.9710144927536232,402.0,2515.0,12.0,381.0,0.028985507246376812,0.868439226519337,0.8621871786081591
band_0.30_0.45,0.3,0.45,769,auto90,0.2,0.15223519935561822,0.9130434782608695,378.0,2105.0,36.0,791.0,0.08695652173913043,0.726864640883978,0.8477648006443818
band_0.30_0.45,0.3,0.45,769,fixed,0.05,0.12660944206008584,0.9975845410628019,413.0,2849.0,1.0,47.0,0.0024154589371980675,0.9837707182320442,0.8733905579399142
band_0.30_0.45,0.3,0.45,769,fixed,0.08,0.12847764926539543,0.9927536231884058,411.0,2788.0,3.0,108.0,0.007246376811594203,0.962707182320442,0.8715223507346046
band_0.30_0.45,0.3,0.45,769,fixed,0.1,0.12943037974683544,0.9879227053140096,409.0,2751.0,5.0,145.0,0.012077294685990338,0.9499309392265194,0.8705696202531645
band_0.30_0.45,0.3,0.45,769,fixed,0.12,0.1314935064935065,0.9782608695652174,405.0,2675.0,9.0,221.0,0.021739130434782608,0.9236878453038674,0.8685064935064934
band_0.30_0.45,0.3,0.45,769,fixed,0.15,0.13781282139184092,0.9710144927536232,402.0,2515.0,12.0,381.0,0.028985507246376812,0.868439226519337,0.8621871786081591
band_0.30_0.45,0.3,0.45,769,fixed,0.18,0.1461136023916293,0.9444444444444444,391.0,2285.0,23.0,611.0,0.05555555555555555,0.7890193370165746,0.8538863976083707
band_0.30_0.45,0.3,0.45,769,fixed,0.2,0.15223519935561822,0.9130434782608695,378.0,2105.0,36.0,791.0,0.08695652173913043,0.726864640883978,0.8477648006443818
band_0.30_0.45,0.3,0.45,769,fixed,0.23,0.1641991924629879,0.8840579710144928,366.0,1863.0,48.0,1033.0,0.11594202898550725,0.6433011049723757,0.8358008075370121
band_0.30_0.45,0.3,0.45,769,fixed,0.25,0.17196531791907516,0.8623188405797102,357.0,1718.9999999999998,57.0,1177.0000000000002,0.13768115942028986,0.5935773480662982,0.8280346820809248
band_0.30_0.45,0.3,0.45,769,fixed,0.28,0.1808,0.8188405797101449,339.0,1536.0,75.0,1360.0,0.18115942028985507,0.5303867403314917,0.8192
band_0.30_0.45,0.3,0.45,769,fixed,0.3,0.1861912846632711,0.7946859903381642,329.0,1437.9999999999998,85.0,1458.0000000000002,0.20531400966183574,0.49654696132596676,0.8138087153367289
band_0.30_0.45,0.3,0.45,769,fixed,0.32,0.18493150684931506,0.782608695652174,324.0,1428.0,90.0,1468.0,0.21739130434782608,0.4930939226519337,0.815068493150685
band_0.30_0.45,0.3,0.45,769,fixed,0.35,0.18529241459177764,0.7729468599033816,320.0,1407.0000000000002,94.0,1488.9999999999998,0.22705314009661837,0.48584254143646416,0.8147075854082224
band_0.30_0.45,0.3,0.45,769,fixed,0.38,0.18470588235294116,0.7584541062801933,314.0,1386.0,100.0,1510.0,0.24154589371980675,0.47859116022099446,0.8152941176470588
band_0.30_0.45,0.3,0.45,769,fixed,0.4,0.1853167554766134,0.7560386473429952,313.0,1375.9999999999998,101.0,1520.0000000000002,0.24396135265700483,0.4751381215469612,0.8146832445233866
band_0.30_0.45,0.3,0.45,769,fixed,0.42,0.18465227817745802,0.7439613526570048,308.0,1360.0000000000002,106.0,1535.9999999999998,0.2560386473429952,0.46961325966850836,0.815347721822542
band_0.30_0.45,0.3,0.45,769,fixed,0.45,0.18496058217101274,0.7367149758454107,305.0,1344.0,109.0,1552.0,0.2632850241545894,0.46408839779005523,0.8150394178289873
band_0.30_0.45,0.3,0.45,769,fixed,0.48,0.19114546732255797,0.6570048309178744,272.0,1151.0,142.0,1745.0,0.34299516908212563,0.3974447513812155,0.808854532677442
band_0.30_0.45,0.3,0.45,769,fixed,0.5,0.19621749408983452,0.6014492753623188,249.0,1020.0000000000001,165.0,1876.0,0.39855072463768115,0.35220994475138123,0.8037825059101655
band_0.30_0.50,0.3,0.5,1082,auto95,0.15,0.13809687392648573,0.9710144927536232,402.0,2509.0000000000005,12.0,386.99999999999955,0.028985507246376812,0.8663674033149172,0.8619031260735143
band_0.30_0.50,0.3,0.5,1082,auto90,0.2,0.15216511533791988,0.9082125603864735,376.0,2095.0,38.0,801.0,0.09178743961352658,0.7234116022099447,0.8478348846620801
band_0.30_0.50,0.3,0.5,1082,fixed,0.05,0.12668711656441717,0.9975845410628019,413.0,2847.0000000000005,1.0,48.999999999999545,0.0024154589371980675,0.9830801104972378,0.8733128834355828
band_0.30_0.50,0.3,0.5,1082,fixed,0.08,0.1285982478097622,0.9927536231884058,411.0,2784.9999999999995,3.0,111.00000000000045,0.007246376811594203,0.9616712707182319,0.8714017521902377
band_0.30_0.50,0.3,0.5,1082,fixed,0.1,0.12959442332065907,0.9879227053140096,409.0,2746.9999999999995,5.0,149.00000000000045,0.012077294685990338,0.9485497237569059,0.8704055766793409
band_0.30_0.50,0.3,0.5,1082,fixed,0.12,0.13166449934980495,0.9782608695652174,405.0,2670.9999999999995,9.0,225.00000000000045,0.021739130434782608,0.9223066298342539,0.868335500650195
band_0.30_0.50,0.3,0.5,1082,fixed,0.15,0.13809687392648573,0.9710144927536232,402.0,2509.0000000000005,12.0,386.99999999999955,0.028985507246376812,0.8663674033149172,0.8619031260735143
band_0.30_0.50,0.3,0.5,1082,fixed,0.18,0.14602102102102102,0.9396135265700483,389.0,2275.0,25.0,621.0,0.06038647342995169,0.7855662983425414,0.853978978978979
band_0.30_0.50,0.3,0.5,1082,fixed,0.2,0.15216511533791988,0.9082125603864735,376.0,2095.0,38.0,801.0,0.09178743961352658,0.7234116022099447,0.8478348846620801
band_0.30_0.50,0.3,0.5,1082,fixed,0.23,0.16440831074977416,0.8792270531400966,364.0,1850.0,50.0,1046.0,0.12077294685990338,0.6388121546961326,0.8355916892502259
band_0.30_0.50,0.3,0.5,1082,fixed,0.25,0.1724137931034483,0.857487922705314,355.0,1704.0,59.0,1192.0,0.14251207729468598,0.5883977900552486,0.8275862068965517
band_0.30_0.50,0.3,0.5,1082,fixed,0.28,0.18147549811523964,0.8140096618357487,337.0,1519.9999999999998,77.0,1376.0000000000002,0.1859903381642512,0.5248618784530386,0.8185245018847603
band_0.30_0.50,0.3,0.5,1082,fixed,0.3,0.18603319977103605,0.785024154589372,325.0,1422.0000000000002,89.0,1473.9999999999998,0.21497584541062803,0.4910220994475139,0.813966800228964
band_0.30_0.50,0.3,0.5,1082,fixed,0.32,0.18518518518518517,0.7729468599033816,320.0,1408.0000000000002,94.0,1487.9999999999998,0.22705314009661837,0.4861878453038675,0.8148148148148149
band_0.30_0.50,0.3,0.5,1082,fixed,0.35,0.18529411764705883,0.7608695652173914,315.0,1385.0,99.0,1511.0,0.2391304347826087,0.4782458563535912,0.8147058823529412
band_0.30_0.50,0.3,0.5,1082,fixed,0.38,0.18525179856115107,0.7463768115942029,309.0,1359.0000000000002,105.0,1536.9999999999998,0.2536231884057971,0.46926795580110503,0.814748201438849
band_0.30_0.50,0.3,0.5,1082,fixed,0.4,0.18610271903323264,0.7439613526570048,308.0,1347.0,106.0,1549.0,0.2560386473429952,0.4651243093922652,0.8138972809667674
band_0.30_0.50,0.3,0.5,1082,fixed,0.42,0.18504901960784315,0.7294685990338164,302.0,1330.0,112.0,1566.0,0.27053140096618356,0.4592541436464088,0.8149509803921569
band_0.30_0.50,0.3,0.5,1082,fixed,0.45,0.18617683686176836,0.7222222222222222,299.0,1307.0,115.0,1589.0,0.2777777777777778,0.4513121546961326,0.8138231631382317
band_0.30_0.50,0.3,0.5,1082,fixed,0.48,0.18499353169469598,0.6908212560386473,286.0,1260.0,128.0,1636.0,0.30917874396135264,0.4350828729281768,0.815006468305304
band_0.30_0.50,0.3,0.5,1082,fixed,0.5,0.18725099601593626,0.6811594202898551,282.0,1223.9999999999998,132.0,1672.0000000000002,0.3188405797101449,0.4226519337016574,0.8127490039840637
band_0.30_0.55,0.3,0.55,1514,auto95,0.15,0.13819181849432796,0.9710144927536232,402.0,2506.9999999999995,12.0,389.00000000000045,0.028985507246376812,0.8656767955801103,0.8618081815056721
band_0.30_0.55,0.3,0.55,1514,auto90,0.2,0.15235008103727715,0.9082125603864735,376.0,2092.0,38.0,804.0,0.09178743961352658,0.7223756906077348,0.8476499189627229
band_0.30_0.55,0.3,0.55,1514,fixed,0.05,0.12668711656441717,0.9975845410628019,413.0,2847.0000000000005,1.0,48.999999999999545,0.0024154589371980675,0.9830801104972378,0.8733128834355828
band_0.30_0.55,0.3,0.55,1514,fixed,0.08,0.1285982478097622,0.9927536231884058,411.0,2784.9999999999995,3.0,111.00000000000045,0.007246376811594203,0.9616712707182319,0.8714017521902377
band_0.30_0.55,0.3,0.55,1514,fixed,0.1,0.12963549920760697,0.9879227053140096,409.0,2746.0,5.0,150.0,0.012077294685990338,0.9482044198895028,0.870364500792393
band_0.30_0.55,0.3,0.55,1514,fixed,0.12,0.13170731707317074,0.9782608695652174,405.0,2669.9999999999995,9.0,226.00000000000045,0.021739130434782608,0.9219613259668507,0.8682926829268293
band_0.30_0.55,0.3,0.55,1514,fixed,0.15,0.13819181849432796,0.9710144927536232,402.0,2506.9999999999995,12.0,389.00000000000045,0.028985507246376812,0.8656767955801103,0.8618081815056721
band_0.30_0.55,0.3,0.55,1514,fixed,0.18,0.14613072877535688,0.9396135265700483,389.0,2273.0,25.0,623.0,0.06038647342995169,0.7848756906077348,0.8538692712246432
band_0.30_0.55,0.3,0.55,1514,fixed,0.2,0.15235008103727715,0.9082125603864735,376.0,2092.0,38.0,804.0,0.09178743961352658,0.7223756906077348,0.8476499189627229
band_0.30_0.55,0.3,0.55,1514,fixed,0.23,0.16394927536231885,0.8743961352657005,362.0,1845.9999999999998,52.0,1050.0000000000002,0.12560386473429952,0.6374309392265193,0.8360507246376812
band_0.30_0.55,0.3,0.55,1514,fixed,0.25,0.17194349732099368,0.8526570048309179,353.0,1700.0,61.0,1196.0,0.1473429951690821,0.5870165745856354,0.8280565026790063
band_0.30_0.55,0.3,0.55,1514,fixed,0.28,0.1809832522960562,0.8091787439613527,335.0,1516.0,79.0,1380.0,0.19082125603864733,0.5234806629834254,0.8190167477039438
band_0.30_0.55,0.3,0.55,1514,fixed,0.3,0.18573893041978148,0.7801932367149759,323.0,1416.0,91.0,1480.0,0.21980676328502416,0.4889502762430939,0.8142610695802185
band_0.30_0.55,0.3,0.55,1514,fixed,0.32,0.18488372093023256,0.7681159420289855,318.0,1402.0000000000002,96.0,1493.9999999999998,0.2318840579710145,0.4841160220994476,0.8151162790697675
band_0.30_0.55,0.3,0.55,1514,fixed,0.35,0.18461538461538463,0.7536231884057971,312.0,1378.0,102.0,1518.0,0.2463768115942029,0.47582872928176795,0.8153846153846154
band_0.30_0.55,0.3,0.55,1514,fixed,0.38,0.18500604594921402,0.7391304347826086,306.0,1348.0,108.0,1548.0,0.2608695652173913,0.4654696132596685,0.814993954050786
band_0.30_0.55,0.3,0.55,1514,fixed,0.4,0.18608907870652838,0.7367149758454107,305.0,1334.0,109.0,1562.0,0.2632850241545894,0.4606353591160221,0.8139109212934716
band_0.30_0.55,0.3,0.55,1514,fixed,0.42,0.18571428571428572,0.7222222222222222,299.0,1311.0,115.0,1585.0,0.2777777777777778,0.45269337016574585,0.8142857142857143
band_0.30_0.55,0.3,0.55,1514,fixed,0.45,0.18682710576314124,0.7125603864734299,295.0,1284.0,119.0,1612.0,0.28743961352657005,0.44337016574585636,0.8131728942368588
band_0.30_0.55,0.3,0.55,1514,fixed,0.48,0.1841755319148936,0.6690821256038647,277.0,1227.0,137.0,1669.0,0.3309178743961353,0.4236878453038674,0.8158244680851063
band_0.30_0.55,0.3,0.55,1514,fixed,0.5,0.18823529411764706,0.6570048309178744,272.0,1173.0,142.0,1723.0,0.34299516908212563,0.4050414364640884,0.8117647058823529
band_0.30_0.60,0.3,0.6,1813,auto95,0.15,0.1383344803854095,0.9710144927536232,402.0,2504.0,12.0,392.0,0.028985507246376812,0.8646408839779005,0.8616655196145905
band_0.30_0.60,0.3,0.6,1813,auto90,0.2,0.1525974025974026,0.9082125603864735,376.0,2088.0,38.0,808.0,0.09178743961352658,0.7209944751381215,0.8474025974025974
band_0.30_0.60,0.3,0.6,1813,fixed,0.05,0.12668711656441717,0.9975845410628019,413.0,2847.0000000000005,1.0,48.999999999999545,0.0024154589371980675,0.9830801104972378,0.8733128834355828
band_0.30_0.60,0.3,0.6,1813,fixed,0.08,0.12867877269881026,0.9927536231884058,411.0,2783.0000000000005,3.0,112.99999999999955,0.007246376811594203,0.9609806629834255,0.8713212273011898
band_0.30_0.60,0.3,0.6,1813,fixed,0.1,0.12975888324873097,0.9879227053140096,409.0,2743.0,5.0,153.0,0.012077294685990338,0.9471685082872928,0.870241116751269
band_0.30_0.60,0.3,0.6,1813,fixed,0.12,0.1318359375,0.9782608695652174,405.0,2667.0,9.0,229.0,0.021739130434782608,0.9209254143646409,0.8681640625
band_0.30_0.60,0.3,0.6,1813,fixed,0.15,0.1383344803854095,0.9710144927536232,402.0,2504.0,12.0,392.0,0.028985507246376812,0.8646408839779005,0.8616655196145905
band_0.30_0.60,0.3,0.6,1813,fixed,0.18,0.1462955998495675,0.9396135265700483,389.0,2270.0000000000005,25.0,625.9999999999995,0.06038647342995169,0.783839779005525,0.8537044001504325
band_0.30_0.60,0.3,0.6,1813,fixed,0.2,0.1525974025974026,0.9082125603864735,376.0,2088.0,38.0,808.0,0.09178743961352658,0.7209944751381215,0.8474025974025974
band_0.30_0.60,0.3,0.6,1813,fixed,0.23,0.16424682395644283,0.8743961352657005,362.0,1842.0,52.0,1054.0,0.12560386473429952,0.636049723756906,0.8357531760435571
band_0.30_0.60,0.3,0.6,1813,fixed,0.25,0.17227916056612982,0.8526570048309179,353.0,1696.0,61.0,1200.0,0.1473429951690821,0.585635359116022,0.8277208394338702
band_0.30_0.60,0.3,0.6,1813,fixed,0.28,0.18137520303194368,0.8091787439613527,335.0,1512.0000000000002,79.0,1383.9999999999998,0.19082125603864733,0.5220994475138122,0.8186247969680563
band_0.30_0.60,0.3,0.6,1813,fixed,0.3,0.18627450980392157,0.7801932367149759,323.0,1410.9999999999998,91.0,1485.0000000000002,0.21980676328502416,0.4872237569060773,0.8137254901960784
band_0.30_0.60,0.3,0.6,1813,fixed,0.32,0.18542274052478133,0.7681159420289855,318.0,1397.0,96.0,1499.0,0.2318840579710145,0.4823895027624309,0.8145772594752186
band_0.30_0.60,0.3,0.6,1813,fixed,0.35,0.18527315914489312,0.7536231884057971,312.0,1372.0,102.0,1524.0,0.2463768115942029,0.47375690607734805,0.8147268408551069
band_0.30_0.60,0.3,0.6,1813,fixed,0.38,0.1859052247873633,0.7391304347826086,306.0,1340.0000000000002,108.0,1555.9999999999998,0.2608695652173913,0.46270718232044206,0.8140947752126367
band_0.30_0.60,0.3,0.6,1813,fixed,0.4,0.18700183936235437,0.7367149758454107,305.0,1326.0000000000002,109.0,1569.9999999999998,0.2632850241545894,0.45787292817679565,0.8129981606376456
band_0.30_0.60,0.3,0.6,1813,fixed,0.42,0.18664169787765295,0.7222222222222222,299.0,1303.0,115.0,1593.0,0.2777777777777778,0.44993093922651933,0.813358302122347
band_0.30_0.60,0.3,0.6,1813,fixed,0.45,0.1881377551020408,0.7125603864734299,295.0,1273.0000000000002,119.0,1622.9999999999998,0.28743961352657005,0.43957182320441995,0.8118622448979592
band_0.30_0.60,0.3,0.6,1813,fixed,0.48,0.18523489932885906,0.6666666666666666,276.0,1214.0,138.0,1682.0,0.3333333333333333,0.4191988950276243,0.8147651006711409
band_0.30_0.60,0.3,0.6,1813,fixed,0.5,0.1906779661016949,0.6521739130434783,270.0,1146.0000000000002,144.0,1749.9999999999998,0.34782608695652173,0.395718232044199,0.8093220338983051
band_0.30_0.70,0.3,0.7,1936,auto95,0.15,0.1383344803854095,0.9710144927536232,402.0,2504.0,12.0,392.0,0.028985507246376812,0.8646408839779005,0.8616655196145905
band_0.30_0.70,0.3,0.7,1936,auto90,0.2,0.1525974025974026,0.9082125603864735,376.0,2088.0,38.0,808.0,0.09178743961352658,0.7209944751381215,0.8474025974025974
band_0.30_0.70,0.3,0.7,1936,fixed,0.05,0.12668711656441717,0.9975845410628019,413.0,2847.0000000000005,1.0,48.999999999999545,0.0024154589371980675,0.9830801104972378,0.8733128834355828
band_0.30_0.70,0.3,0.7,1936,fixed,0.08,0.12867877269881026,0.9927536231884058,411.0,2783.0000000000005,3.0,112.99999999999955,0.007246376811594203,0.9609806629834255,0.8713212273011898
band_0.30_0.70,0.3,0.7,1936,fixed,0.1,0.12975888324873097,0.9879227053140096,409.0,2743.0,5.0,153.0,0.012077294685990338,0.9471685082872928,0.870241116751269
band_0.30_0.70,0.3,0.7,1936,fixed,0.12,0.1318359375,0.9782608695652174,405.0,2667.0,9.0,229.0,0.021739130434782608,0.9209254143646409,0.8681640625
band_0.30_0.70,0.3,0.7,1936,fixed,0.15,0.1383344803854095,0.9710144927536232,402.0,2504.0,12.0,392.0,0.028985507246376812,0.8646408839779005,0.8616655196145905
band_0.30_0.70,0.3,0.7,1936,fixed,0.18,0.1462955998495675,0.9396135265700483,389.0,2270.0000000000005,25.0,625.9999999999995,0.06038647342995169,0.783839779005525,0.8537044001504325
band_0.30_0.70,0.3,0.7,1936,fixed,0.2,0.1525974025974026,0.9082125603864735,376.0,2088.0,38.0,808.0,0.09178743961352658,0.7209944751381215,0.8474025974025974
band_0.30_0.70,0.3,0.7,1936,fixed,0.23,0.16424682395644283,0.8743961352657005,362.0,1842.0,52.0,1054.0,0.12560386473429952,0.636049723756906,0.8357531760435571
band_0.30_0.70,0.3,0.7,1936,fixed,0.25,0.17227916056612982,0.8526570048309179,353.0,1696.0,61.0,1200.0,0.1473429951690821,0.585635359116022,0.8277208394338702
band_0.30_0.70,0.3,0.7,1936,fixed,0.28,0.18137520303194368,0.8091787439613527,335.0,1512.0000000000002,79.0,1383.9999999999998,0.19082125603864733,0.5220994475138122,0.8186247969680563
band_0.30_0.70,0.3,0.7,1936,fixed,0.3,0.18627450980392157,0.7801932367149759,323.0,1410.9999999999998,91.0,1485.0000000000002,0.21980676328502416,0.4872237569060773,0.8137254901960784
band_0.30_0.70,0.3,0.7,1936,fixed,0.32,0.18542274052478133,0.7681159420289855,318.0,1397.0,96.0,1499.0,0.2318840579710145,0.4823895027624309,0.8145772594752186
band_0.30_0.70,0.3,0.7,1936,fixed,0.35,0.18538324420677363,0.7536231884057971,312.0,1371.0,102.0,1525.0,0.2463768115942029,0.47341160220994477,0.8146167557932263
band_0.30_0.70,0.3,0.7,1936,fixed,0.38,0.18601823708206686,0.7391304347826086,306.0,1339.0000000000002,108.0,1556.9999999999998,0.2608695652173913,0.4623618784530388,0.8139817629179331
band_0.30_0.70,0.3,0.7,1936,fixed,0.4,0.18711656441717792,0.7367149758454107,305.0,1324.9999999999998,109.0,1571.0000000000002,0.2632850241545894,0.4575276243093922,0.8128834355828221
band_0.30_0.70,0.3,0.7,1936,fixed,0.42,0.1867582760774516,0.7222222222222222,299.0,1302.0,115.0,1594.0,0.2777777777777778,0.449585635359116,0.8132417239225485
band_0.30_0.70,0.3,0.7,1936,fixed,0.45,0.18773946360153257,0.7101449275362319,294.0,1272.0,120.0,1624.0,0.2898550724637681,0.43922651933701656,0.8122605363984674
band_0.30_0.70,0.3,0.7,1936,fixed,0.48,0.18493611297915266,0.6642512077294686,275.0,1212.0,139.0,1684.0,0.3357487922705314,0.4185082872928177,0.8150638870208473
band_0.30_0.70,0.3,0.7,1936,fixed,0.5,0.1905099150141643,0.6497584541062802,269.0,1143.0,145.0,1753.0,0.3502415458937198,0.394682320441989,0.8094900849858357
band_0.30_0.80,0.3,0.8,1944,auto95,0.15,0.1383344803854095,0.9710144927536232,402.0,2504.0,12.0,392.0,0.028985507246376812,0.8646408839779005,0.8616655196145905
band_0.30_0.80,0.3,0.8,1944,auto90,0.2,0.1525974025974026,0.9082125603864735,376.0,2088.0,38.0,808.0,0.09178743961352658,0.7209944751381215,0.8474025974025974
band_0.30_0.80,0.3,0.8,1944,fixed,0.05,0.12668711656441717,0.9975845410628019,413.0,2847.0000000000005,1.0,48.999999999999545,0.0024154589371980675,0.9830801104972378,0.8733128834355828
band_0.30_0.80,0.3,0.8,1944,fixed,0.08,0.12867877269881026,0.9927536231884058,411.0,2783.0000000000005,3.0,112.99999999999955,0.007246376811594203,0.9609806629834255,0.8713212273011898
band_0.30_0.80,0.3,0.8,1944,fixed,0.1,0.12975888324873097,0.9879227053140096,409.0,2743.0,5.0,153.0,0.012077294685990338,0.9471685082872928,0.870241116751269
band_0.30_0.80,0.3,0.8,1944,fixed,0.12,0.1318359375,0.9782608695652174,405.0,2667.0,9.0,229.0,0.021739130434782608,0.9209254143646409,0.8681640625
band_0.30_0.80,0.3,0.8,1944,fixed,0.15,0.1383344803854095,0.9710144927536232,402.0,2504.0,12.0,392.0,0.028985507246376812,0.8646408839779005,0.8616655196145905
band_0.30_0.80,0.3,0.8,1944,fixed,0.18,0.1462955998495675,0.9396135265700483,389.0,2270.0000000000005,25.0,625.9999999999995,0.06038647342995169,0.783839779005525,0.8537044001504325
band_0.30_0.80,0.3,0.8,1944,fixed,0.2,0.1525974025974026,0.9082125603864735,376.0,2088.0,38.0,808.0,0.09178743961352658,0.7209944751381215,0.8474025974025974
band_0.30_0.80,0.3,0.8,1944,fixed,0.23,0.16424682395644283,0.8743961352657005,362.0,1842.0,52.0,1054.0,0.12560386473429952,0.636049723756906,0.8357531760435571
band_0.30_0.80,0.3,0.8,1944,fixed,0.25,0.17227916056612982,0.8526570048309179,353.0,1696.0,61.0,1200.0,0.1473429951690821,0.585635359116022,0.8277208394338702
band_0.30_0.80,0.3,0.8,1944,fixed,0.28,0.18137520303194368,0.8091787439613527,335.0,1512.0000000000002,79.0,1383.9999999999998,0.19082125603864733,0.5220994475138122,0.8186247969680563
band_0.30_0.80,0.3,0.8,1944,fixed,0.3,0.18627450980392157,0.7801932367149759,323.0,1410.9999999999998,91.0,1485.0000000000002,0.21980676328502416,0.4872237569060773,0.8137254901960784
band_0.30_0.80,0.3,0.8,1944,fixed,0.32,0.18542274052478133,0.7681159420289855,318.0,1397.0,96.0,1499.0,0.2318840579710145,0.4823895027624309,0.8145772594752186
band_0.30_0.80,0.3,0.8,1944,fixed,0.35,0.18538324420677363,0.7536231884057971,312.0,1371.0,102.0,1525.0,0.2463768115942029,0.47341160220994477,0.8146167557932263
band_0.30_0.80,0.3,0.8,1944,fixed,0.38,0.18601823708206686,0.7391304347826086,306.0,1339.0000000000002,108.0,1556.9999999999998,0.2608695652173913,0.4623618784530388,0.8139817629179331
band_0.30_0.80,0.3,0.8,1944,fixed,0.4,0.18711656441717792,0.7367149758454107,305.0,1324.9999999999998,109.0,1571.0000000000002,0.2632850241545894,0.4575276243093922,0.8128834355828221
band_0.30_0.80,0.3,0.8,1944,fixed,0.42,0.1867582760774516,0.7222222222222222,299.0,1302.0,115.0,1594.0,0.2777777777777778,0.449585635359116,0.8132417239225485
band_0.30_0.80,0.3,0.8,1944,fixed,0.45,0.18773946360153257,0.7101449275362319,294.0,1272.0,120.0,1624.0,0.2898550724637681,0.43922651933701656,0.8122605363984674
band_0.30_0.80,0.3,0.8,1944,fixed,0.48,0.18493611297915266,0.6642512077294686,275.0,1212.0,139.0,1684.0,0.3357487922705314,0.4185082872928177,0.8150638870208473
band_0.30_0.80,0.3,0.8,1944,fixed,0.5,0.1905099150141643,0.6497584541062802,269.0,1143.0,145.0,1753.0,0.3502415458937198,0.394682320441989,0.8094900849858357
cnn_only,0.0,1.01,3310,auto95,0.15,0.16716164616037335,0.9516908212560387,394.0,1963.0000000000002,20.0,932.9999999999998,0.04830917874396135,0.6778314917127073,0.8328383538396267
cnn_only,0.0,1.01,3310,auto90,0.25,0.17644276253547778,0.9009661835748792,373.0,1740.9999999999998,41.0,1155.0000000000002,0.09903381642512077,0.6011740331491712,0.8235572374645223
cnn_only,0.0,1.01,3310,fixed,0.05,0.14842903575297942,0.9927536231884058,411.0,2358.0,3.0,538.0,0.007246376811594203,0.8142265193370166,0.8515709642470206
cnn_only,0.0,1.01,3310,fixed,0.08,0.15529141104294478,0.9782608695652174,405.0,2203.0000000000005,9.0,692.9999999999995,0.021739130434782608,0.7607044198895029,0.8447085889570553
cnn_only,0.0,1.01,3310,fixed,0.1,0.15881188118811881,0.9685990338164251,401.0,2123.9999999999995,13.0,772.0000000000005,0.03140096618357488,0.7334254143646407,0.8411881188118812
cnn_only,0.0,1.01,3310,fixed,0.12,0.1626579698328577,0.9637681159420289,399.0,2054.0,15.0,842.0,0.036231884057971016,0.7092541436464088,0.8373420301671423
cnn_only,0.0,1.01,3310,fixed,0.15,0.16716164616037335,0.9516908212560387,394.0,1963.0000000000002,20.0,932.9999999999998,0.04830917874396135,0.6778314917127073,0.8328383538396267
cnn_only,0.0,1.01,3310,fixed,0.18,0.17100044072278536,0.9371980676328503,388.0,1881.0,26.0,1015.0,0.06280193236714976,0.6495165745856354,0.8289995592772146
cnn_only,0.0,1.01,3310,fixed,0.2,0.17281728172817282,0.927536231884058,384.0,1838.0,30.0,1058.0,0.07246376811594203,0.6346685082872928,0.8271827182718272
cnn_only,0.0,1.01,3310,fixed,0.23,0.17472118959107807,0.9082125603864735,376.0,1776.0,38.0,1120.0,0.09178743961352658,0.6132596685082873,0.8252788104089219
cnn_only,0.0,1.01,3310,fixed,0.25,0.17644276253547778,0.9009661835748792,373.0,1740.9999999999998,41.0,1155.0000000000002,0.09903381642512077,0.6011740331491712,0.8235572374645223
cnn_only,0.0,1.01,3310,fixed,0.28,0.17818889970788704,0.8840579710144928,366.0,1688.0,48.0,1208.0,0.11594202898550725,0.5828729281767956,0.8218111002921129
cnn_only,0.0,1.01,3310,fixed,0.3,0.17802088513177525,0.8647342995169082,358.0,1652.9999999999998,56.0,1243.0000000000002,0.13526570048309178,0.5707872928176795,0.8219791148682247
cnn_only,0.0,1.01,3310,fixed,0.32,0.17790167257982767,0.8478260869565217,351.0,1622.0000000000002,63.0,1273.9999999999998,0.15217391304347827,0.5600828729281768,0.8220983274201723
cnn_only,0.0,1.01,3310,fixed,0.35,0.1801566579634465,0.8333333333333334,345.0,1569.9999999999998,69.0,1326.0000000000002,0.16666666666666666,0.5421270718232043,0.8198433420365535
cnn_only,0.0,1.01,3310,fixed,0.38,0.1821138211382114,0.8115942028985508,336.0,1509.0,78.0,1387.0,0.18840579710144928,0.5210635359116023,0.8178861788617886
cnn_only,0.0,1.01,3310,fixed,0.4,0.18371837183718373,0.8067632850241546,334.0,1483.9999999999998,80.0,1412.0000000000002,0.1932367149758454,0.5124309392265193,0.8162816281628162
cnn_only,0.0,1.01,3310,fixed,0.42,0.18422535211267604,0.7898550724637681,327.0,1448.0000000000002,87.0,1447.9999999999998,0.21014492753623187,0.5000000000000001,0.815774647887324
cnn_only,0.0,1.01,3310,fixed,0.45,0.18622300058377117,0.7705314009661836,319.0,1394.0,95.0,1502.0,0.22946859903381642,0.481353591160221,0.8137769994162288
cnn_only,0.0,1.01,3310,fixed,0.48,0.18198757763975154,0.7077294685990339,293.0,1317.0000000000002,121.0,1578.9999999999998,0.2922705314009662,0.4547651933701658,0.8180124223602485
cnn_only,0.0,1.01,3310,fixed,0.5,0.18630678077682686,0.6835748792270532,283.0,1236.0,131.0,1660.0,0.3164251207729469,0.42679558011049723,0.8136932192231732
